"eta","alpha","beta"
0,-0.000401199674559649,0.998782337860891
0.015015015015015,-0.000366476562281948,0.997549648152889
0.03003003003003,-0.000127112233802906,0.993358359506766
0.045045045045045,0.000315319728965258,0.986507996086862
0.0600600600600601,0.0008750868802474,0.978587417965653
0.0750750750750751,0.00155172828855032,0.969892743225038
0.0900900900900901,0.00235394339975914,0.960361933854473
0.105105105105105,0.00329591232702997,0.950011171106397
0.12012012012012,0.00437920303395523,0.939106868283517
0.135135135135135,0.00538182357921457,0.931074956563296
0.15015015015015,0.00650131347308225,0.923326328737742
0.165165165165165,0.00782182442761759,0.915168785115161
0.18018018018018,0.00943341055250668,0.906161803103875
0.195195195195195,0.0114753872412735,0.895748013070447
0.21021021021021,0.0141722902089642,0.883116534115716
0.225225225225225,0.0177643764453854,0.86749519327249
0.24024024024024,0.0222506006716487,0.849081697181661
0.255255255255255,0.0274724810734439,0.828623181829546
0.27027027027027,0.033278547128439,0.806797554209278
0.285285285285285,0.0395214093257016,0.78425024414552
0.3003003003003,0.0460025694932594,0.761790081659924
0.315315315315315,0.0524411157909103,0.740481778722454
0.33033033033033,0.0586028265014192,0.721091202335659
0.345345345345345,0.0645215633006857,0.703362066288208
0.36036036036036,0.0702706469402804,0.686904700650895
0.375375375375375,0.0758992587897599,0.671460985080531
0.39039039039039,0.0814151606922248,0.656922893253776
0.405405405405405,0.0868295620121123,0.643198239236991
0.42042042042042,0.0921359175183737,0.630245622525691
0.435435435435435,0.0973438309211671,0.617990808667566
0.45045045045045,0.102484846869737,0.606314492885963
0.465465465465465,0.107582616332956,0.595130018500962
0.48048048048048,0.112668003060934,0.584339545642591
0.495495495495495,0.117789762520823,0.573814995757073
0.510510510510511,0.122961821192293,0.563517262437208
0.525525525525526,0.128236080108135,0.553327516696708
0.540540540540541,0.13364892193911,0.543171697440965
0.555555555555556,0.139221181230553,0.533009170226616
0.570570570570571,0.144982882546167,0.522785265744378
0.585585585585586,0.150952708714718,0.512469402702308
0.600600600600601,0.157135586556101,0.502055417610966
0.615615615615616,0.163528382722403,0.491551257539704
0.630630630630631,0.170110239973275,0.48099256340659
0.645645645645646,0.176843918803107,0.470438785081032
0.660660660660661,0.183685224550386,0.459955275687702
0.675675675675676,0.190572898196493,0.449629928524679
0.690690690690691,0.197436076240637,0.439558550044542
0.705705705705706,0.20426136765152,0.429754939283938
0.720720720720721,0.210944949312497,0.420350091762872
0.735735735735736,0.217514284187958,0.411297552084616
0.750750750750751,0.223899960191702,0.402674067447454
0.765765765765766,0.230105393462818,0.394459563880726
0.780780780780781,0.236134856122456,0.386633676894882
0.795795795795796,0.24201110926898,0.379153005464239
0.810810810810811,0.247715039290155,0.372030515742939
0.825825825825826,0.253295774704356,0.365190307314277
0.840840840840841,0.258739933886141,0.358639217189261
0.855855855855856,0.264044272790357,0.352371059267045
0.870870870870871,0.269242404585657,0.346334491725812
0.885885885885886,0.274392857512705,0.340459257716976
0.900900900900901,0.279436196923536,0.334802323857482
0.915915915915916,0.284384503142283,0.329342957211012
0.930930930930931,0.289324596540944,0.323984841032787
0.945945945945946,0.294163590798756,0.318817965160956
0.960960960960961,0.298965327783808,0.313775876339219
0.975975975975976,0.30368501778347,0.308895360991388
0.990990990990991,0.308409197941906,0.304085056162117
1.00600600600601,0.313060306402559,0.299419886744695
1.02102102102102,0.317688398813275,0.294849660766818
1.03603603603604,0.322265356329005,0.290391265297183
1.05105105105105,0.326837449311468,0.286008014914
1.06606606606607,0.331362746254056,0.281726785331289
1.08108108108108,0.335855057883946,0.27753901624367
1.0960960960961,0.340363403212038,0.273393165527928
1.11111111111111,0.34476361409787,0.269401556657433
1.12612612612613,0.349259627748362,0.265378672186712
1.14114114114114,0.353643632362092,0.261509400745922
1.15615615615616,0.358026119694768,0.25768830586275
1.17117117117117,0.362422135649285,0.253909389718051
1.18618618618619,0.366788886397658,0.25020190434806
1.2012012012012,0.371131101297478,0.246559408625437
1.21621621621622,0.375446446364724,0.242988396863976
1.23123123123123,0.379790356337559,0.239436240852663
1.24624624624625,0.384099601895603,0.235954017602246
1.26126126126126,0.388347335932357,0.232564063394844
1.27627627627628,0.392674116842587,0.229152315007483
1.29129129129129,0.396975971755843,0.225798635167471
1.30630630630631,0.401182612752415,0.22255817237631
1.32132132132132,0.405442397583318,0.219313922511561
1.33633633633634,0.409748078037016,0.216071592838064
1.35135135135135,0.413961915792112,0.212934883758717
1.36636636636637,0.41815281758459,0.209848727106951
1.38138138138138,0.422390786528807,0.206762034338659
1.3963963963964,0.426661820911149,0.203685153024435
1.41141141141141,0.430837350554531,0.200710485466757
1.42642642642643,0.435007190596346,0.197769924797049
1.44144144144144,0.439197857496673,0.194844959360131
1.45645645645646,0.443436021445986,0.19191866210251
1.47147147147147,0.447585748915986,0.189083777272689
1.48648648648649,0.451730791693592,0.18627970869305
1.5015015015015,0.455870636725257,0.183506302405534
1.51651651651652,0.460059002632886,0.180728911898822
1.53153153153153,0.464176772118332,0.178026984755828
1.54654654654655,0.46828433226767,0.175357125970085
1.56156156156156,0.472381207750718,0.172719145973682
1.57657657657658,0.476470318493669,0.170110620366605
1.59159159159159,0.480551024723537,0.167533670650872
1.60660660660661,0.484605954389974,0.164997521972139
1.62162162162162,0.488648288451991,0.162492130578173
1.63663663663664,0.492674222695965,0.160019328037063
1.65165165165165,0.496686720222186,0.157576775467932
1.66666666666667,0.500617715519355,0.155206086623493
1.68168168168168,0.504577997578632,0.152840124857222
1.6966966966967,0.508520227184166,0.150505487152311
1.71171171171171,0.512444049926003,0.148201854090312
1.72672672672673,0.51634575783498,0.145930916591112
1.74174174174174,0.520201471698619,0.143706243228418
1.75675675675676,0.523987397542368,0.141541057258178
1.77177177177177,0.527750454457608,0.13940687718263
1.78678678678679,0.531503642522905,0.137296141503421
1.8018018018018,0.53526318321936,0.135199771658524
1.81681681681682,0.538992351067359,0.133137476247614
1.83183183183183,0.54269097660226,0.13110882238044
1.84684684684685,0.546328945167377,0.129130064492618
1.86186186186186,0.549909603028608,0.127198494937759
1.87687687687688,0.553456260468239,0.125300438567206
1.89189189189189,0.556968853665088,0.123435451108427
1.90690690690691,0.560444084805911,0.121604759627603
1.92192192192192,0.563885196089392,0.119806233962915
1.93693693693694,0.567285703563384,0.118042708117307
1.95195195195195,0.570642422890933,0.116315299687218
1.96696696696697,0.573955439769939,0.114623473609106
1.98198198198198,0.577224912697803,0.112966582681458
1.996996996997,0.580447754968202,0.111345669267334
2.01201201201201,0.583620974564524,0.109761616536841
2.02702702702703,0.586741511851496,0.108215489941263
2.04204204204204,0.589809696957364,0.106706445147709
2.05705705705706,0.592825818829838,0.105233754878832
2.07207207207207,0.595783783267272,0.103799796277548
2.08708708708709,0.598737666640953,0.102378666486632
2.1021021021021,0.601646415353308,0.100989410570655
2.11711711711712,0.60450090056024,0.099635702063648
2.13213213213213,0.607298264987843,0.0983183753547732
2.14714714714715,0.610038913878556,0.0970366023335163
2.16216216216216,0.612716950276875,0.0957924851118711
2.17717717717718,0.61538274196694,0.094562745493048
2.19219219219219,0.618058134177927,0.0933375572034473
2.20720720720721,0.620680934256561,0.0921444947661468
2.22222222222222,0.623188665715622,0.0910116802883329
2.23723723723724,0.625607221049022,0.0899261193791174
2.25225225225225,0.628088908240482,0.0888203341707779
2.26726726726727,0.630534665786428,0.0877376084801898
2.28228228228228,0.632923221071762,0.0866866486263625
2.2972972972973,0.635245557128506,0.0856709935001938
2.31231231231231,0.637568304274111,0.0846637020650327
2.32732732732733,0.639834715762538,0.0836865057300898
2.34234234234234,0.642039030508744,0.082741284623182
2.35735735735736,0.644322020381563,0.0817689236796199
2.37237237237237,0.646486590696956,0.080854018067943
2.38738738738739,0.648568364824961,0.0799786796980053
2.4024024024024,0.650716838683347,0.0790808011019062
2.41741741741742,0.652879507093089,0.0781831215872856
2.43243243243243,0.654840472495599,0.0773742448563597
2.44744744744745,0.656898526906903,0.0765303258066453
2.46246246246246,0.659001696964318,0.0756730846618294
2.47747747747748,0.660858825373049,0.0749209071195392
2.49249249249249,0.662872897863944,0.0741104344522067
2.50750750750751,0.664881116043722,0.0733064210326588
2.52252252252252,0.666689762447082,0.0725870593391656
2.53753753753754,0.668648608220247,0.071813000975163
2.55255255255255,0.670563072909527,0.0710596948040124
2.56756756756757,0.672365322939967,0.0703562252715499
2.58258258258258,0.674237032136049,0.0696291314382876
2.5975975975976,0.676031515767768,0.0689353267906602
2.61261261261261,0.677860663740252,0.0682338829599076
2.62762762762763,0.679652293722595,0.067549143097072
2.64264264264264,0.681437159291056,0.0668720641301682
2.65765765765766,0.683189647711553,0.0662107204108431
2.67267267267267,0.684969626675974,0.0655419062436981
2.68768768768769,0.686686135480225,0.064902246816237
2.7027027027027,0.688371808364179,0.0642756536852616
2.71771771771772,0.690141820200297,0.0636231633312375
2.73273273273273,0.691794796911188,0.0630162392611183
2.74774774774775,0.693559714881635,0.0623718043639695
2.76276276276276,0.69518009919936,0.0617840933493648
2.77777777777778,0.696886812298074,0.0611670927082455
2.79279279279279,0.698533583379631,0.0605765822080426
2.80780780780781,0.700120624548602,0.0600088742452667
2.82282282282282,0.701855215204694,0.0593932389047068
2.83783783783784,0.703404216895124,0.0588455502332805
2.85285285285285,0.705147835452648,0.0582325990420735
2.86786786786787,0.706673339881276,0.05769949588117
2.88288288288288,0.708373523660112,0.0571075923465815
2.8978978978979,0.709916235446603,0.0565744308235918
2.91291291291291,0.711517971370072,0.05602245044478
2.92792792792793,0.713138513453218,0.0554680222518573
2.94294294294294,0.714645169709753,0.0549540715113411
2.95795795795796,0.716339971736687,0.0543799694424299
2.97297297297297,0.717808934136132,0.053884284545301
2.98798798798799,0.719523279849706,0.0533089841841886
3.003003003003,0.720980080058812,0.0528228477847695
3.01801801801802,0.722650936797646,0.0522673898537446
3.03303303303303,0.724135462301634,0.0517772000552278
3.04804804804805,0.725720161265098,0.0512554812613331
3.06306306306306,0.727274796161431,0.0507471032916809
3.07807807807808,0.728776613889937,0.0502574334914564
3.09309309309309,0.730403381361011,0.0497305368520825
3.10810810810811,0.731839457873576,0.0492669096905492
3.12312312312312,0.733520826298424,0.0487273632824456
3.13813813813814,0.73494963642284,0.0482709772156789
3.15315315315315,0.73662390858998,0.0477383644611176
3.16816816816817,0.738050808181444,0.0472873688342071
3.18318318318318,0.739639505354303,0.0467866350413339
3.1981981981982,0.741139736553794,0.0463168715243046
3.21321321321321,0.742643351134948,0.0458473058583128
3.22822822822823,0.744215997566923,0.0453593609104556
3.24324324324324,0.74563776587957,0.0449194393404024
3.25825825825826,0.747281882799076,0.0444138925373654
3.27327327327327,0.748698045764658,0.0439801684424255
3.28828828828829,0.750334174101182,0.0434812319257917
3.3033033033033,0.751744479490376,0.0430536530162172
3.31831831831832,0.753315030310879,0.0425788456627948
3.33333333333333,0.754776633570072,0.0421397848609843
3.34834834834835,0.756257510400503,0.0416960239404671
3.36336336336336,0.757791357467185,0.041239288482569
3.37837837837838,0.759185864215076,0.0408250992634644
3.39339339339339,0.760788249581835,0.0403520486842427
3.40840840840841,0.762170769516622,0.0399454222673105
3.42342342342342,0.763764278486252,0.039478718639312
3.43843843843844,0.765132006500289,0.0390803286055925
3.45345345345345,0.766660536936152,0.0386363731641004
3.46846846846847,0.768066654080704,0.0382304209735397
3.48348348348348,0.769506829603492,0.037815681670337
3.4984984984985,0.770971851054341,0.0373962762195273
3.51351351351351,0.772327064115686,0.0370093250776696
3.52852852852853,0.773847435103012,0.0365776854796094
3.54354354354354,0.775141485918522,0.0362114485885903
3.55855855855856,0.776688153576991,0.0357758667261384
3.57357357357357,0.777954568396274,0.0354207484964261
3.58858858858859,0.779462964555381,0.0349993242601441
3.6036036036036,0.780727804397564,0.0346477541135048
3.61861861861862,0.78216217188029,0.0342503237462693
3.63363363363363,0.783453733428366,0.0338942411938917
3.64864864864865,0.784822426750514,0.03351813685156
3.66366366366366,0.786132663118545,0.0331598113412999
3.67867867867868,0.787441374224847,0.0328031626789081
3.69369369369369,0.788759928684092,0.03244543435516
3.70870870870871,0.790014269473457,0.0321064358903463
3.72372372372372,0.79132854799416,0.031752676342189
3.73873873873874,0.792539052716589,0.0314282250933462
3.75375375375375,0.793839165942008,0.0310810160888839
3.76876876876877,0.795013692743922,0.0307688012002454
3.78378378378378,0.796287558664086,0.030431237674249
3.7987987987988,0.79743629038074,0.0301283800063369
3.81381381381381,0.798669709943689,0.0298040315020059
3.82882882882883,0.799805078958073,0.0295071212843386
3.84384384384384,0.800984189508433,0.0291993820842168
3.85885885885886,0.802115940295575,0.0289057999178324
3.87387387387387,0.803224860335725,0.0286184930863269
3.88888888888889,0.804364944330599,0.0283251069179803
3.9039039039039,0.805435016668874,0.0280500160580751
3.91891891891892,0.806550688405165,0.0277650581462642
3.93393393393393,0.807612550599481,0.0274943478120032
3.94894894894895,0.808669522292267,0.0272262276453797
3.96396396396396,0.809723142068274,0.026959882762193
3.97897897897898,0.81072028317498,0.0267085340502745
3.99399399399399,0.811765633738475,0.0264465394949723
4.00900900900901,0.812740742436062,0.0262023008901739
4.02402402402402,0.813736655241065,0.0259547731005661
4.03903903903904,0.814773718714848,0.0256971117218458
4.05405405405405,0.81563755027574,0.025483849477245
4.06906906906907,0.816666314481949,0.0252305031685403
4.08408408408408,0.817487665470585,0.0250286878607093
4.0990990990991,0.81848338390432,0.0247856213524419
4.11411411411411,0.819430687119876,0.0245545869683033
4.12912912912913,0.820226455877944,0.0243616576250383
4.14414414414414,0.821238609743015,0.0241168858712748
4.15915915915916,0.821987711745626,0.0239363121763924
4.17417417417417,0.822892009389121,0.0237194257304404
4.18918918918919,0.823808142953746,0.0235001253587726
4.2042042042042,0.824474612025519,0.023341200363458
4.21921921921922,0.825465788303236,0.0231059543059629
4.23423423423423,0.826231582763371,0.0229247260403021
4.24924924924925,0.826953448619621,0.0227544389170172
4.26426426426426,0.827929680217224,0.0225249997941684
4.27927927927928,0.828585120652133,0.0223716917799628
4.29429429429429,0.829337642254726,0.0221960139204458
4.30930930930931,0.830211376136743,0.0219928925321257
4.32432432432432,0.830861325322771,0.0218423707947678
4.33933933933934,0.831620371300692,0.0216669653369442
4.35435435435435,0.832421493851304,0.0214827530913379
4.36936936936937,0.833065970660915,0.0213349995271652
4.38438438438438,0.833803772531651,0.0211661794500786
4.3993993993994,0.834561453826958,0.0209938334572355
4.41441441441441,0.835200480361764,0.0208488283864397
4.42942942942943,0.835889978370874,0.0206925500585902
4.44444444444444,0.836628397189086,0.020526366656053
4.45945945945946,0.837261997520969,0.0203840911418064
4.47447447447447,0.837895597852851,0.0202418156275599
4.48948948948949,0.838621725418396,0.0200800439380434
4.5045045045045,0.839249925883461,0.0199404768949535
4.51951951951952,0.839878126348527,0.0198009098518636
4.53453453453453,0.840542953750688,0.0196540835622595
4.54954954954955,0.841165783817804,0.0195172026729116
4.56456456456456,0.841788613884919,0.0193803217835636
4.57957957957958,0.842391575120393,0.0192481378679232
4.59459459459459,0.843009065155563,0.0191139203133363
4.60960960960961,0.843626555190733,0.0189797027587495
4.62462462462462,0.844244045225902,0.0188454852041627
4.63963963963964,0.844777234786296,0.0187307192838608
4.65465465465465,0.845389416216903,0.0185991425824648
4.66966966966967,0.846001597647511,0.0184675658810688
4.68468468468468,0.846471946616579,0.0183667636602129
4.6996996996997,0.847078851160518,0.018237804318044
4.71471471471471,0.847685755704457,0.0181088449758751
4.72972972972973,0.848284533109412,0.0179816224563636
4.74474474474474,0.848694498654003,0.0178952797887557
4.75975975975976,0.849296159687574,0.0177689119209847
4.77477477477477,0.849897820721144,0.0176425440532138
4.78978978978979,0.850374598530805,0.0175425586290162
4.8048048048048,0.850834463828253,0.0174469372689983
4.81981981981982,0.851430915985188,0.017323134958997
4.83483483483483,0.852027368142122,0.0171993326489956
4.84984984984985,0.852416150185995,0.0171188909725042
4.86486486486486,0.852893611723121,0.0170208275111949
4.87987987987988,0.853484887909592,0.0168995637179221
4.89489489489489,0.854076164096063,0.0167782999246494
4.90990990990991,0.854408123201482,0.0167105390943887
4.92492492492492,0.854869762971381,0.0166168531065939
4.93993993993994,0.855455898770178,0.0164980991156223
4.95495495495495,0.856042034568975,0.0163793451246507
4.96996996996997,0.856349520709029,0.0163173919464172
4.98498498498498,0.856766647010956,0.0162337134443138
5,0.857347677811447,0.0161174402280425
5.01501501501502,0.857928708611939,0.0160011670117712
5.03003003003003,0.858245185351022,0.0159381633022505
5.04504504504505,0.858584126020293,0.0158708841726353
5.06006006006006,0.85916008523292,0.0157570619015632
5.07507507507508,0.859736044445547,0.0156432396304912
5.09009009009009,0.860090250513057,0.0155735160903523
5.10510510510511,0.860376966492923,0.0155172139031061
5.12012012012012,0.860894834736148,0.0154160972907597
5.13513513513514,0.861465754318504,0.0153046954005215
5.15015015015015,0.861891404471061,0.0152218199518214
5.16516516516517,0.862175608073552,0.0151667202488294
5.18018018018018,0.862553713811109,0.0150936496020411
5.1951951951952,0.863119623818802,0.0149846370676603
5.21021021021021,0.863643850631463,0.0148837058230516
5.22522522522523,0.863925557036665,0.0148297929916627
5.24024024024024,0.864207263441867,0.0147758801602738
5.25525525525526,0.864695595211136,0.0146829386460298
5.27027027027027,0.865256525081294,0.0145762843513231
5.28528528528529,0.865629650681317,0.014505571944209
5.3003003003003,0.865908874146273,0.0144528304808912
5.31531531531532,0.86619916782821,0.0143980255171803
5.33033033033033,0.866755146717711,0.0142936965440358
5.34534534534535,0.867290649219781,0.0141932352782013
5.36036036036036,0.867567404644326,0.0141416477683746
5.37537537537538,0.867844160068871,0.014090060258548
5.39039039039039,0.86818491876932,0.0140267008993855
5.40540540540541,0.868735973947736,0.013924662606691
5.42042042042042,0.869183707100989,0.0138418836509985
5.43543543543544,0.869458006854861,0.0137914328681307
5.45045045045045,0.869732306608733,0.0137409820852629
5.46546546546547,0.870091787473592,0.0136750743114059
5.48048048048048,0.870637941836999,0.0135752927062324
5.4954954954955,0.871028659673213,0.0135040998780173
5.51051051051051,0.871300514282748,0.0134547690557116
5.52552552552553,0.871572368892284,0.0134054382334059
5.54054054054054,0.871919661333432,0.0133426035346503
5.55555555555556,0.872460936770156,0.0132450445821665
5.57057057057057,0.872826412892715,0.0131793862281071
5.58558558558559,0.873095833719904,0.0131311580979291
5.6006006006006,0.873365254547093,0.0130829299677511
5.61561561561562,0.873673834731668,0.0130277874982921
5.63063063063063,0.874210251177401,0.0129324161457439
5.64564564564565,0.874581422849125,0.0128666247130382
5.66066066066066,0.874848418467669,0.0128194814906681
5.67567567567568,0.875115414086213,0.0127723382682979
5.69069069069069,0.875382409704757,0.0127251950459278
5.70570570570571,0.875887524828243,0.0126365840957964
5.72072072072072,0.876290939777598,0.012565994367096
5.73573573573574,0.876555517005311,0.012519919114028
5.75075075075075,0.876820094233024,0.0124738438609601
5.76576576576577,0.877084671460737,0.0124277686078921
5.78078078078078,0.877494314608531,0.0123567788443782
5.7957957957958,0.877959324475227,0.0122764282599954
5.81081081081081,0.878221491800676,0.012231402036298
5.82582582582583,0.878483659126125,0.0121863758126006
5.84084084084084,0.878745826451575,0.0121413495889032
5.85585585585586,0.87903743364223,0.0120913371343137
5.87087087087087,0.87955936448421,0.0120023147556853
5.88588588588589,0.879848840297625,0.0119532156287354
5.9009009009009,0.880108603814155,0.0119092194738044
5.91591591591592,0.880368367330686,0.0118652233188735
5.93093093093093,0.880628130847216,0.0118212271639426
5.94594594594595,0.881035449374906,0.0117525868117762
5.96096096096096,0.881436548578944,0.0116852582077688
5.97597597597598,0.881693911970502,0.0116422741428232
5.99099099099099,0.88195127536206,0.0115992900778776
6.00600600600601,0.882208638753617,0.011556306012932
6.02102102102102,0.882466002145175,0.0115133219479864
6.03603603603604,0.882961333984583,0.0114311470654413
6.05105105105105,0.883240320761921,0.0113851450576659
6.06606606606607,0.883495286956046,0.0113431548959521
6.08108108108108,0.883750253150172,0.0113011647342384
6.0960960960961,0.884005219344297,0.0112591745725246
6.11111111111111,0.884315750813571,0.0112081609441975
6.12612612612613,0.884755295455088,0.0111363524016075
6.14114114114114,0.88500786488758,0.0110953366442743
6.15615615615616,0.885260434320072,0.0110543208869411
6.17117117117117,0.885513003752564,0.0110133051296079
6.18618618618619,0.885765573185055,0.0109722893722747
6.2012012012012,0.886124883147204,0.0109141809727552
6.21621621621622,0.8864878706101,0.0108557997210225
6.23123123123123,0.886738043726483,0.0108157388408986
6.24624624624625,0.886988216842866,0.0107756779607748
6.26126126126126,0.887238389959249,0.0107356170806509
6.27627627627628,0.887488563075632,0.010695556200527
6.29129129129129,0.887875838828699,0.0106338466203914
6.30630630630631,0.88818365622606,0.0105851078525141
6.32132132132132,0.888431432075488,0.0105459836958664
6.33633633633634,0.888679207924917,0.0105068595392188
6.35135135135135,0.888926983774345,0.0104677353825712
6.36636636636637,0.889174759623774,0.0104286112259235
6.38138138138138,0.88957139641974,0.0103663084874953
6.3963963963964,0.889844852869278,0.010323667962924
6.41141141141141,0.89009022805588,0.0102854615094395
6.42642642642643,0.890335603242482,0.010247255055955
6.44144144144144,0.890580978429084,0.0102090486024704
6.45645645645646,0.890826353615686,0.0101708421489859
6.47147147147147,0.891217511387133,0.0101102507389561
6.48648648648649,0.891475204873072,0.0100706500908383
6.5015015015015,0.891718175847814,0.0100333418299295
6.51651651651652,0.891961146822557,0.00999603356902074
6.53153153153153,0.8922041177973,0.00995872530811197
6.54654654654655,0.892447088772042,0.00992141704720321
6.56156156156156,0.892818360141795,0.00986468006416492
6.57657657657658,0.893075121447421,0.00982576399277815
6.59159159159159,0.893315684688064,0.00978933513878529
6.60660660660661,0.893556247928708,0.00975290628479244
6.62162162162162,0.893796811169351,0.00971647743079958
6.63663663663664,0.894037374409994,0.00968004857680673
6.65165165165165,0.894377960307121,0.00962868077867896
6.66666666666667,0.894648184587975,0.00958825468353963
6.68168168168168,0.894886333770077,0.00955268576893268
6.6966966966967,0.895124482952179,0.00951711685432573
6.71171171171171,0.89536263213428,0.00948154793971879
6.72672672672673,0.895600781316382,0.00944597902511184
6.74174174174174,0.895900219907433,0.0094013809196178
6.75675675675676,0.89619469186831,0.00935787959675671
6.77177177177177,0.896430420364267,0.00932315193949867
6.78678678678679,0.896666148860225,0.00928842428224063
6.8018018018018,0.896901877356183,0.00925369662498259
6.81681681681682,0.897137605852141,0.00921896896772454
6.83183183183183,0.897391998411225,0.0091815287760298
6.84684684684685,0.897721162121985,0.00913349951495274
6.86186186186186,0.897954462911056,0.00909959283449396
6.87687687687688,0.898187763700126,0.00906568615403518
6.89189189189189,0.898421064489197,0.00903177947357639
6.90690690690691,0.898654365278267,0.00899787279311761
6.92192192192192,0.898887666067338,0.00896396611265883
6.93693693693694,0.899227696028173,0.0089149422413867
6.95195195195195,0.899458559851559,0.00888183775039847
6.96696696696697,0.899689423674945,0.00884873325941024
6.98198198198198,0.899920287498331,0.00881562876842201
6.996996996997,0.900151151321717,0.00878252427743378
7.01201201201201,0.900382015145103,0.00874941978644555
7.02702702702703,0.900712862776744,0.00870226126336764
7.04204204204204,0.900941283323544,0.00866994036005054
7.05705705705706,0.901169703870344,0.00863761945673344
7.07207207207207,0.901398124417145,0.00860529855341633
7.08708708708709,0.901626544963945,0.00857297765009923
7.1021021021021,0.901854965510746,0.00854065674678213
7.11711711711712,0.902179798338988,0.00849487179684523
7.13213213213213,0.902408810230906,0.00846288449220253
7.14714714714715,0.902634776515534,0.00843132813293738
7.16216216216216,0.902860742800162,0.00839977177367223
7.17717717717718,0.903086709084791,0.00836821541440709
7.19219219219219,0.903312675369419,0.00833665905514194
7.20720720720721,0.903587811887742,0.00829832426799027
7.22222222222222,0.903865544858303,0.0082599397059188
7.23723723723724,0.904089045920553,0.00822912867007097
7.25225225225225,0.904312546982804,0.00819831763422313
7.26726726726727,0.904536048045054,0.0081675065983753
7.28228228228228,0.904759549107304,0.00813669556252746
7.2972972972973,0.904990417735971,0.00810488170872324
7.31231231231231,0.905311275202947,0.00806103490735285
7.32732732732733,0.90553230219545,0.00803095036866115
7.34234234234234,0.905753329187954,0.00800086582996945
7.35735735735736,0.905974356180458,0.00797078129127776
7.37237237237237,0.906195383172962,0.00794069675258606
7.38738738738739,0.906416410165465,0.00791061221389436
7.4024024024024,0.906747254542123,0.00786590314668044
7.41741741741742,0.906965797230754,0.00783652659014321
7.43243243243243,0.907184339919386,0.00780715003360597
7.44744744744745,0.907402882608017,0.00777777347706874
7.46246246246246,0.907621425296648,0.00774839692053151
7.47747747747748,0.90783996798528,0.00771902036399427
7.49249249249249,0.908176102481425,0.00767410397983153
7.50750750750751,0.90839215199005,0.00764541683472992
7.52252252252252,0.908608201498675,0.00761672968962832
7.53753753753754,0.9088242510073,0.00758804254452671
7.55255255255255,0.909040300515925,0.00755935539942511
7.56756756756757,0.90925635002455,0.00753066825432351
7.58258258258258,0.909598887323897,0.00748541659229623
7.5975975975976,0.909812434502529,0.00745740080381416
7.61261261261261,0.91002598168116,0.00742938501533209
7.62762762762763,0.910239528859792,0.00740136922685001
7.64264264264264,0.910453076038424,0.00737335343836794
7.65765765765766,0.910666623217056,0.00734533764988587
7.67267267267267,0.911020827416849,0.00729908875349933
7.68768768768769,0.911231863176962,0.00727172603033626
7.7027027027027,0.911442898937075,0.00724436330717319
7.71771771771772,0.911653934697187,0.00721700058401012
7.73273273273273,0.9118649704573,0.00718963786084704
7.74774774774775,0.912076006217413,0.00716227513768397
7.76276276276276,0.912438528893505,0.00711549953526955
7.77777777777778,0.912647043388253,0.00708877289262063
7.79279279279279,0.912855557883001,0.00706204624997172
7.80780780780781,0.913064072377749,0.00703531960732281
7.82282282282282,0.913272586872497,0.0070085929646739
7.83783783783784,0.913481101367245,0.00698186632202499
7.85285285285285,0.91385421964556,0.00693429862103801
7.86786786786787,0.914060206111035,0.00690819059187887
7.88288288288288,0.91426619257651,0.00688208256271973
7.8978978978979,0.914472179041985,0.00685597453356058
7.91291291291291,0.91467816550746,0.00682986650440144
7.92792792792793,0.914907209735586,0.00680086769518963
7.94294294294294,0.915274076511789,0.00675464844257241
7.95795795795796,0.915477527358716,0.00672914155975477
7.97297297297297,0.915680978205642,0.00670363467693713
7.98798798798799,0.915884429052568,0.00667812779411949
8.003003003003,0.916087879899495,0.00665262091130185
8.01801801801802,0.916382409386123,0.00661581573741214
8.03303303303303,0.916695894285471,0.00657677922802542
8.04804804804805,0.916896803049519,0.00655185652713113
8.06306306306306,0.917097711813568,0.00652693382623684
8.07807807807808,0.917298620577616,0.00650201112534255
8.09309309309309,0.917499529341665,0.00647708842444826
8.10810810810811,0.91787631941933,0.00643057166354986
8.12312312312312,0.918117542339439,0.00640090061768026
8.13813813813814,0.918315904723217,0.0063765464146681
8.15315315315315,0.918514267106996,0.00635219221165595
8.16816816816817,0.918712629490774,0.0063278380086438
8.18318318318318,0.91899975866724,0.00629269330892463
8.1981981981982,0.919350290428105,0.00624989446430969
8.21321321321321,0.919546099529622,0.00622609189804423
8.22822822822823,0.91974190863114,0.00620228933177878
8.24324324324324,0.919937717732657,0.00617848676551332
8.25825825825826,0.920161870938172,0.0061512717471232
8.27327327327327,0.920550935294215,0.00610420246182598
8.28828828828829,0.920785963157064,0.00607585786199093
8.3033033033033,0.920979218411589,0.00605259114295917
8.31831831831832,0.921172473666114,0.00602932442392742
8.33333333333333,0.921365728920639,0.00600605770489566
8.34834834834835,0.921739513934086,0.00596125873624099
8.36336336336336,0.922030707116005,0.00592641470823578
8.37837837837838,0.92222140756557,0.00590366937412707
8.39339339339339,0.922412108015135,0.00588092404001836
8.40840840840841,0.922602808464701,0.00585817870590965
8.42342342342342,0.92295907580631,0.0058158634461085
8.43843843843844,0.923284524325502,0.00577724825362701
8.45345345345345,0.923472668521007,0.00575500970170377
8.46846846846847,0.923660812716512,0.00573277114978054
8.48348348348348,0.923848956912017,0.00571053259785731
8.4984984984985,0.924214029956723,0.00566756242760849
8.51351351351351,0.924547626425813,0.00562832164730647
8.52852852852853,0.924733216127773,0.00560657519451739
8.54354354354354,0.924918805829732,0.00558482874172831
8.55855855855856,0.925132461273179,0.00555982123468428
8.57357357357357,0.925501088419621,0.00551680703675424
8.58858858858859,0.925816513184834,0.00548002682195707
8.6036036036036,0.925999550629317,0.00545875907681611
8.61861861861862,0.926182588073799,0.00543749133167515
8.63363363363363,0.92645587096989,0.00540582209363068
8.64864864864865,0.92681939931759,0.00536375136268271
8.66366366366366,0.927093849442308,0.00533203093437
8.67867867867868,0.927274340345526,0.00531122794856299
8.69369369369369,0.927454831248743,0.00529042496275597
8.70870870870871,0.927810900804951,0.00524954200957202
8.72372372372372,0.928169343045659,0.00520838770547757
8.73873873873874,0.928377376200353,0.00518456922288897
8.75375375375375,0.928555327537844,0.00516421790460153
8.76876876876877,0.928835022874875,0.00513231802092104
8.78378378378378,0.92918839490123,0.00509205538299039
8.7987987987988,0.929484822499587,0.00505830516691172
8.81381381381381,0.929660243188451,0.00503839384726851
8.82882882882883,0.929886381772582,0.00501276749405809
8.84384384384384,0.930234704377129,0.00497337310543577
8.85885885885886,0.930583026981675,0.00493397871681344
8.87387387387387,0.930771132023726,0.00491277000013192
8.88888888888889,0.930963345473442,0.00489112614496939
8.9039039039039,0.931306643277649,0.00485257731554835
8.91891891891892,0.931649941081857,0.0048140284861273
8.93393393393393,0.931884887018903,0.00478768904659983
8.94894894894895,0.932057521624416,0.00476837450755183
8.96396396396396,0.932395821287111,0.00473065035165568
8.97897897897898,0.932734120949806,0.00469292619575952
8.99399399399399,0.932996310448959,0.00466371807952743
9.00900900900901,0.933166419913966,0.00464481619858993
9.02402402402402,0.933499750500917,0.00460789639188961
9.03903903903904,0.933833081087867,0.00457097658518927
9.05405405405405,0.934108205033105,0.00454052502224641
9.06906906906907,0.934292101587042,0.00452023785646478
9.08408408408408,0.934620496704142,0.00448410214049352
9.0990990990991,0.934948891821242,0.00444796642452226
9.11411411411411,0.935219938976579,0.00441816133111632
9.12912912912913,0.935424644772435,0.00439573810067109
9.14414414414414,0.935748141890355,0.00436036792779175
9.15915915915916,0.936071639008275,0.00432499775491242
9.17417417417417,0.936322343616933,0.00429761143814365
9.18918918918919,0.936553495440633,0.00427246618493048
9.2042042042042,0.936872135470876,0.0042378448278383
9.21921921921922,0.937190775501119,0.00420322347074611
9.23423423423423,0.937414168435292,0.00417898299542541
9.24924924924925,0.937678167166282,0.00415045841770975
9.26426426426426,0.937991995315789,0.00411656956292225
9.27927927927928,0.938305823465295,0.00408268070813476
9.29429429429429,0.938496324865821,0.0040621497347189
9.30930930930931,0.938793122091582,0.00403029033478717
9.32432432432432,0.9391021871689,0.00399711823623959
9.33933933933934,0.939409176020446,0.00396416964923667
9.35435435435435,0.939582658325922,0.00394561952731145
9.36936936936937,0.939887012678045,0.00391315037540985
9.38438438438438,0.940191367030167,0.00388068122350825
9.3993993993994,0.940456873185695,0.00385236895055684
9.41441441441441,0.940653478404301,0.00383148826932511
9.42942942942943,0.940953177038941,0.00379970960437745
9.44444444444444,0.941252875673581,0.00376793093942978
9.45945945945946,0.941482104744642,0.00374364713677709
9.47447447447447,0.941696193128937,0.0037210580190776
9.48948948948949,0.941991294415591,0.0036899572241797
9.5045045045045,0.942286395702245,0.00365885642928179
9.51951951951952,0.942486333835637,0.00363781531166014
9.53453453453453,0.942702898241132,0.00361510755457502
9.54954954954955,0.942993462331936,0.00358467320830202
9.56456456456456,0.943284026422739,0.00355423886202903
9.57957957957958,0.94346039160299,0.00353580290409596
9.59459459459459,0.943668889896771,0.0035140750051806
9.60960960960961,0.943954978354347,0.00348429651292287
9.62462462462462,0.944241066811924,0.00345451802066513
9.63963963963964,0.944408947979982,0.00343708200204517
9.65465465465465,0.944591873006739,0.00341812948720627
9.66966966966967,0.944873551006947,0.00338899658854364
9.68468468468468,0.945155229007154,0.00335986368988102
9.6996996996997,0.945325252869216,0.00334231579139401
9.71471471471471,0.945464997642968,0.00332790958786988
9.72972972972973,0.945741416221715,0.00329950693875582
9.74474474474474,0.946018752074321,0.00327101035376531
9.75975975975976,0.946208514535377,0.00325154165631659
9.77477477477477,0.946346105614232,0.00323745127485021
9.78978978978979,0.946551432709188,0.00321647177736601
9.8048048048048,0.946824495820245,0.00318860316386399
9.81981981981982,0.947052612512209,0.00316533740830766
9.83483483483483,0.947188084544412,0.00315155917627202
9.84984984984985,0.947323556576613,0.00313778094423639
9.86486486486486,0.947568407478172,0.00311295724380517
9.87987987987988,0.947837268375443,0.0030857089283603
9.89489489489489,0.947993235912546,0.00306994247294512
9.90990990990991,0.948126624777615,0.00305647238953587
9.92492492492492,0.948260013642684,0.00304300230612663
9.93993993993994,0.948516864696921,0.00301715619703987
9.95495495495495,0.948761143357112,0.00299258554165672
9.96996996996997,0.948892486111546,0.0029794195568934
9.98498498498498,0.949023828865979,0.00296625357213009
10,0.949155171620412,0.00295308758736677
10.015015015015,0.949394291643722,0.00292920026000331
10.03003003003,0.949619066767928,0.00290676736662181
10.045045045045,0.949748399490579,0.00289390175550165
10.0600600600601,0.949877732213231,0.00288103614438149
10.0750750750751,0.950007064935882,0.00286817053326133
10.0900900900901,0.950190737495816,0.00284994266735667
10.1051051051051,0.950425873758322,0.00282665354010534
10.1201201201201,0.950553232751952,0.00281408575545415
10.1351351351351,0.950680591745582,0.00280151797080296
10.1501501501502,0.950807950739212,0.00278895018615177
10.1651651651652,0.950935309732841,0.00277638240150058
10.1801801801802,0.951153809694996,0.00275489609461377
10.1951951951952,0.951309799204647,0.00273960663056039
10.2102102102102,0.951435222555828,0.00272733343482331
10.2252252252252,0.951560645907008,0.00271506023908622
10.2402402402402,0.951686069258189,0.00270278704334913
10.2552552552553,0.951811492609369,0.00269051384761204
10.2702702702703,0.952023269408096,0.00266987043209204
10.2852852852853,0.952146794208909,0.00265788804850369
10.3003003003003,0.952270319009721,0.00264590566491535
10.3153153153153,0.952393843810534,0.00263392328132701
10.3303303303303,0.952517368611347,0.00262194089773867
10.3453453453453,0.952640893412159,0.00260995851415033
10.3603603603604,0.952811287748149,0.00259348094658011
10.3753753753754,0.95293295132437,0.00258178607203126
10.3903903903904,0.953054614900591,0.0025700911974824
10.4054054054054,0.953176278476813,0.00255839632293355
10.4204204204204,0.953297942053034,0.00254670144838469
10.4354354354354,0.953419605629255,0.00253500657383584
10.4504504504505,0.953541269205476,0.00252331169928698
10.4654654654655,0.95366304734896,0.00251169642847029
10.4804804804805,0.953782887198867,0.00250028647576758
10.4954954954955,0.953902727048774,0.00248887652306487
10.5105105105105,0.954022566898681,0.00247746657036217
10.5255255255255,0.954142406748587,0.00246605661765946
10.5405405405405,0.954262246598494,0.00245464666495675
10.5555555555556,0.954362912072416,0.00244506230468648
10.5705705705706,0.95446286307901,0.00243564001561491
10.5855855855856,0.954580915449003,0.00242451132773511
10.6006006006006,0.954698967818996,0.0024133826398553
10.6156156156156,0.954817020188989,0.0024022539519755
10.6306306306306,0.954935072558981,0.0023911252640957
10.6456456456456,0.955053124928974,0.00237999657621589
10.6606606606607,0.955149927872369,0.00237087105215446
10.6756756756757,0.955208078302521,0.00236544569157383
10.6906906906907,0.955324379162826,0.00235459497041257
10.7057057057057,0.955440680023132,0.00234374424925131
10.7207207207207,0.955556980883437,0.00233289352809005
10.7357357357357,0.955673281743742,0.00232204280692879
10.7507507507508,0.955789582604047,0.00231119208576754
10.7657657657658,0.955905883464352,0.00230034136460628
10.7807807807808,0.95592526694107,0.0022985329110794
10.7957957957958,0.956011587358048,0.00229056571990047
10.8108108108108,0.956126171982355,0.00227998980240631
10.8258258258258,0.956240756606662,0.00226941388491214
10.8408408408408,0.956355341230969,0.00225883796741798
10.8558558558559,0.956469925855276,0.00224826204992382
10.8708708708709,0.956584510479583,0.00223768613242966
10.8858858858859,0.95668916443645,0.00222802679445166
10.9009009009009,0.95668916443645,0.00222802679445166
10.9159159159159,0.956755401201925,0.00222198171732182
10.9309309309309,0.956868304779439,0.00221167760857778
10.9459459459459,0.956981208356954,0.00220137349983373
10.960960960961,0.957094111934468,0.00219106939108969
10.975975975976,0.957207015511983,0.00218076528234565
10.990990990991,0.957319919089497,0.0021704611736016
11.006006006006,0.957432822667011,0.00216015706485756
11.021021021021,0.957441854953212,0.00215933273615804
11.036036036036,0.957444080096923,0.00215913201582052
11.0510510510511,0.957555337282478,0.00214909599894483
11.0660660660661,0.957666594468033,0.00213905998206913
11.0810810810811,0.957777851653588,0.00212902396519344
11.0960960960961,0.957889108839143,0.00211898794831774
11.1111111111111,0.958000366024698,0.00210895193144205
11.1261261261261,0.958111623210253,0.00209891591456635
11.1411411411411,0.958183569523579,0.00209242595698674
11.1561561561562,0.958183569523579,0.00209242595698674
11.1711711711712,0.958184300487786,0.00209236081505339
11.1861861861862,0.958293945118927,0.00208258952505213
11.2012012012012,0.958403589750067,0.00207281823505086
11.2162162162162,0.958513234381207,0.00206304694504959
11.2312312312312,0.958622879012347,0.00205327565504833
11.2462462462462,0.958732523643487,0.00204350436504706
11.2612612612613,0.958842168274628,0.00203373307504579
11.2762762762763,0.95891453373118,0.00202728402364496
11.2912912912913,0.95891453373118,0.00202728402364496
11.3063063063063,0.95891453373118,0.00202728402364496
11.3213213213213,0.958979371788066,0.00202157764903655
11.3363363363363,0.959087435216208,0.0020120670246892
11.3513513513514,0.959195498644351,0.00200255640034186
11.3663663663664,0.959303562072494,0.00199304577599451
11.3813813813814,0.959411625500637,0.00198353515164717
11.3963963963964,0.959519688928779,0.00197402452729982
11.4114114114114,0.959627752356922,0.00196451390295248
11.4264264264264,0.959634956585465,0.00196387986132932
11.4414414414414,0.959634956585465,0.00196387986132932
11.4564564564565,0.959634956585465,0.00196387986132932
11.4714714714715,0.959714486723128,0.00195697039664295
11.4864864864865,0.959821000300355,0.00194771664929514
11.5015015015015,0.959927513877583,0.00193846290194733
11.5165165165165,0.96003402745481,0.00192920915459951
11.5315315315315,0.960140541032038,0.0019199554072517
11.5465465465465,0.960247054609265,0.00191070165990389
11.5615615615616,0.960345047100314,0.0019021882123439
11.5765765765766,0.960345047100314,0.0019021882123439
11.5915915915916,0.960345047100314,0.0019021882123439
11.6066066066066,0.960345047100314,0.0019021882123439
11.6216216216216,0.960394044965827,0.00189798767345376
11.6366366366366,0.960499040391927,0.00188898651868917
11.6516516516517,0.960604035818027,0.00187998536392459
11.6666666666667,0.960709031244127,0.00187098420916
11.6816816816817,0.960814026670227,0.00186198305439541
11.6966966966967,0.960919022096327,0.00185298189963082
11.7117117117117,0.961024017522427,0.00184398074486624
11.7267267267267,0.961045016607647,0.00184218051391332
11.7417417417417,0.961045016607647,0.00184218051391332
11.7567567567568,0.961045016607647,0.00184218051391332
11.7717717717718,0.961045016607647,0.00184218051391332
11.7867867867868,0.961120921977214,0.00183576191589367
11.8018018018018,0.961224429299351,0.00182700928223052
11.8168168168168,0.961327936621488,0.00181825664856737
11.8318318318318,0.961431443943625,0.00180950401490422
11.8468468468468,0.961534951265761,0.00180075138124107
11.8618618618619,0.961638458587898,0.00179199874757792
11.8768768768769,0.961735065421893,0.00178382962282564
11.8918918918919,0.961735065421893,0.00178382962282564
11.9069069069069,0.961735065421893,0.00178382962282564
11.9219219219219,0.961735065421893,0.00178382962282564
11.9369369369369,0.961735065421893,0.00178382962282564
11.951951951952,0.961794933284828,0.00177883780457382
11.966966966967,0.961896980778466,0.00177032902346275
11.981981981982,0.961999028272105,0.00176182024235168
11.996996996997,0.962101075765744,0.00175331146124062
12.012012012012,0.962203123259382,0.00174480268012955
12.027027027027,0.962305170753021,0.00173629389901848
12.042042042042,0.962407218246659,0.00172778511790741
12.0570570570571,0.962415382046151,0.00172710441541853
12.0720720720721,0.962415382046151,0.00172710441541853
12.0870870870871,0.962415382046151,0.00172710441541853
12.1021021021021,0.962415382046151,0.00172710441541853
12.1171171171171,0.962415382046151,0.00172710441541853
12.1321321321321,0.96251398471488,0.00171900063791421
12.1471471471471,0.962614599682971,0.00171073147719553
12.1621621621622,0.962715214651062,0.00170246231647684
12.1771771771772,0.962815829619154,0.00169419315575815
12.1921921921922,0.962916444587245,0.00168592399503946
12.2072072072072,0.963017059555336,0.00167765483432077
12.2222222222222,0.963086148500092,0.00167197667729394
12.2372372372372,0.963086148500092,0.00167197667729394
12.2522522522523,0.963086148500092,0.00167197667729394
12.2672672672673,0.963086148500092,0.00167197667729394
12.2822822822823,0.963086148500092,0.00167197667729394
12.2972972972973,0.963086148500092,0.00167197667729394
12.3123123123123,0.963180067655292,0.00166437077709223
12.3273273273273,0.963279278030504,0.00165633637547069
12.3423423423423,0.963378488405715,0.00164830197384916
12.3573573573574,0.963477698780926,0.00164026757222763
12.3723723723724,0.963576909156137,0.0016322331706061
12.3873873873874,0.963676119531349,0.00162419876898457
12.4024024024024,0.963747551001501,0.00161841399981707
12.4174174174174,0.963747551001501,0.00161841399981707
12.4324324324324,0.963747551001501,0.00161841399981707
12.4474474474474,0.963747551001501,0.00161841399981707
12.4624624624625,0.963747551001501,0.00161841399981707
12.4774774774775,0.963747551001501,0.00161841399981707
12.4924924924925,0.963793857543882,0.0016147199500514
12.5075075075075,0.963891688267222,0.00160691561956055
12.5225225225225,0.963989518990562,0.0015991112890697
12.5375375375375,0.964087349713902,0.00159130695857886
12.5525525525526,0.964185180437242,0.00158350262808801
12.5675675675676,0.964283011160582,0.00157569829759716
12.5825825825826,0.964380841883922,0.00156789396710631
12.5975975975976,0.964399755823768,0.00156638512987808
12.6126126126126,0.964399755823768,0.00156638512987808
12.6276276276276,0.964399755823768,0.00156638512987808
12.6426426426426,0.964399755823768,0.00156638512987808
12.6576576576577,0.964399755823768,0.00156638512987808
12.6726726726727,0.964399755823768,0.00156638512987808
12.6876876876877,0.964463429242862,0.00156138242167793
12.7027027027027,0.964559904120277,0.00155380256076862
12.7177177177177,0.964656378997692,0.00154622269985931
12.7327327327327,0.964752853875107,0.00153864283895
12.7477477477477,0.964849328752522,0.00153106297804068
12.7627627627628,0.964945803629937,0.00152348311713137
12.7777777777778,0.965042278507352,0.00151590325622206
12.7927927927928,0.965042921673201,0.001515852723816
12.8078078078078,0.965042921673201,0.001515852723816
12.8228228228228,0.965042921673201,0.001515852723816
12.8378378378378,0.965042921673201,0.001515852723816
12.8528528528529,0.965042921673201,0.001515852723816
12.8678678678679,0.965042921673201,0.001515852723816
12.8828828828829,0.965087955886555,0.00151236867229249
12.8978978978979,0.965183098590823,0.00150500800005974
12.9129129129129,0.965278241295091,0.00149764732782698
12.9279279279279,0.965373383999359,0.00149028665559423
12.9429429429429,0.965468526703627,0.00148292598336147
12.957957957958,0.965563669407895,0.00147556531112872
12.972972972973,0.965658812112163,0.00146820463889596
12.987987987988,0.965677206368322,0.00146678157559763
13.003003003003,0.965677206368322,0.00146678157559763
13.018018018018,0.965677206368322,0.00146678157559763
13.033033033033,0.965677206368322,0.00146678157559763
13.048048048048,0.965677206368322,0.00146678157559763
13.0630630630631,0.965677206368322,0.00146678157559763
13.0780780780781,0.965677206368322,0.00146678157559763
13.0930930930931,0.965760405953181,0.00146044488639723
13.1081081081081,0.965854240071442,0.00145329824444189
13.1231231231231,0.965948074189704,0.00144615160248655
13.1381381381381,0.966041908307966,0.00143900496053121
13.1531531531532,0.966135742426228,0.00143185831857588
13.1681681681682,0.96622957654449,0.00142471167662054
13.1831831831832,0.966302767156734,0.00141913729589537
13.1981981981982,0.966302767156734,0.00141913729589537
13.2132132132132,0.966302767156734,0.00141913729589537
13.2282282282282,0.966302767156734,0.00141913729589537
13.2432432432432,0.966302767156734,0.00141913729589537
13.2582582582583,0.966302767156734,0.00141913729589537
13.2732732732733,0.966302767156734,0.00141913729589537
13.2882882882883,0.966302767156734,0.00141913729589537
13.3033033033033,0.966394696668486,0.00141224523027439
13.3183183183183,0.966487243156827,0.00140530690917944
13.3333333333333,0.966579789645168,0.00139836858808449
13.3483483483483,0.96667233613351,0.00139143026698955
13.3633633633634,0.966764882621851,0.0013844919458946
13.3783783783784,0.966857429110192,0.00137755362479965
13.3933933933934,0.966919743745675,0.00137288182192905
13.4084084084084,0.966919743745675,0.00137288182192905
13.4234234234234,0.966919743745675,0.00137288182192905
13.4384384384384,0.966919743745675,0.00137288182192905
13.4534534534535,0.966919743745675,0.00137288182192905
13.4684684684685,0.966919743745675,0.00137288182192905
13.4834834834835,0.966919743745675,0.00137288182192905
13.4984984984985,0.966919743745675,0.00137288182192905
13.5135135135135,0.966989724408398,0.00136771798019623
13.5285285285285,0.967081003533688,0.00136098253445776
13.5435435435435,0.967172282658978,0.00135424708871929
13.5585585585586,0.967263561784269,0.00134751164298082
13.5735735735736,0.967354840909559,0.00134077619724236
13.5885885885886,0.96744612003485,0.00133404075150389
13.6036036036036,0.967528271247611,0.00132797885033927
13.6186186186186,0.967528271247611,0.00132797885033927
13.6336336336336,0.967528271247611,0.00132797885033927
13.6486486486486,0.967528271247611,0.00132797885033927
13.6636636636637,0.967528271247611,0.00132797885033927
13.6786786786787,0.967528271247611,0.00132797885033927
13.6936936936937,0.967528271247611,0.00132797885033927
13.7087087087087,0.967528271247611,0.00132797885033927
13.7237237237237,0.967551078970811,0.00132632251399418
13.7387387387387,0.967641109457129,0.00131978434421095
13.7537537537538,0.967731139943447,0.00131324617442773
13.7687687687688,0.967821170429764,0.0013067080046445
13.7837837837838,0.967911200916082,0.00130016983486127
13.7987987987988,0.9680012314024,0.00129363166507804
13.8138138138138,0.968091261888717,0.00128709349529481
13.8288288288288,0.968128474489729,0.00128439105178441
13.8438438438438,0.968128474489729,0.00128439105178441
13.8588588588589,0.968128474489729,0.00128439105178441
13.8738738738739,0.968128474489729,0.00128439105178441
13.8888888888889,0.968128474489729,0.00128439105178441
13.9039039039039,0.968128474489729,0.00128439105178441
13.9189189189189,0.968128474489729,0.00128439105178441
13.9339339339339,0.968128474489729,0.00128439105178441
13.9489489489489,0.968169322927333,0.00128147164852025
13.963963963964,0.968258123878647,0.00127512511968512
13.978978978979,0.968346924829961,0.00126877859084998
13.993993993994,0.968435725781274,0.00126243206201485
14.009009009009,0.968524526732588,0.00125608553317972
14.024024024024,0.968613327683902,0.00124973900434459
14.039039039039,0.968702128635216,0.00124339247550946
14.0540540540541,0.968720480831821,0.0012420808595502
14.0690690690691,0.968720480831821,0.0012420808595502
14.0840840840841,0.968720480831821,0.0012420808595502
14.0990990990991,0.968720480831821,0.0012420808595502
14.1141141141141,0.968720480831821,0.0012420808595502
14.1291291291291,0.968720480831821,0.0012420808595502
14.1441441441441,0.968720480831821,0.0012420808595502
14.1591591591592,0.968720480831821,0.0012420808595502
14.1741741741742,0.968760187960385,0.00123928799988765
14.1891891891892,0.968847777214572,0.0012331272800438
14.2042042042042,0.968935366468758,0.00122696656019995
14.2192192192192,0.969022955722945,0.0012208058403561
14.2342342342342,0.969110544977131,0.00121464512051225
14.2492492492492,0.969198134231318,0.0012084844006684
14.2642642642643,0.969285723485504,0.00120232368082455
14.2792792792793,0.969304409193064,0.00120100939392453
14.2942942942943,0.969304409193064,0.00120100939392453
14.3093093093093,0.969304409193064,0.00120100939392453
14.3243243243243,0.969304409193064,0.00120100939392453
14.3393393393393,0.969304409193064,0.00120100939392453
14.3543543543544,0.969304409193064,0.00120100939392453
14.3693693693694,0.969304409193064,0.00120100939392453
14.3843843843844,0.969304409193064,0.00120100939392453
14.3993993993994,0.96932399184457,0.00119965382034853
14.4144144144144,0.969410385895334,0.00119367334868972
14.4294294294294,0.969496779946099,0.0011876928770309
14.4444444444444,0.969583173996863,0.00118171240537209
14.4594594594595,0.969669568047627,0.00117573193371327
14.4744744744745,0.969755962098391,0.00116975146205445
14.4894894894895,0.969842356149155,0.00116377099039564
14.5045045045045,0.969880369531491,0.00116113958286576
14.5195195195195,0.969880369531491,0.00116113958286576
14.5345345345345,0.969880369531491,0.00116113958286576
14.5495495495495,0.969880369531491,0.00116113958286576
14.5645645645646,0.969880369531491,0.00116113958286576
14.5795795795796,0.969880369531491,0.00116113958286576
14.5945945945946,0.969880369531491,0.00116113958286576
14.6096096096096,0.969880369531491,0.00116113958286576
14.6246246246246,0.969880369531491,0.00116113958286576
14.6396396396396,0.969957630417736,0.00115587515699726
14.6546546546547,0.970042844630505,0.00115006880493642
14.6696696696697,0.970128058843275,0.00114426245287558
14.6846846846847,0.970213273056045,0.00113845610081473
14.6996996996997,0.970298487268814,0.00113264974875389
14.7147147147147,0.970383701481584,0.00112684339669305
14.7297297297297,0.970448464283289,0.00112243056912681
14.7447447447447,0.970448464283289,0.00112243056912681
14.7597597597598,0.970448464283289,0.00112243056912681
14.7747747747748,0.970448464283289,0.00112243056912681
14.7897897897898,0.970448464283289,0.00112243056912681
14.8048048048048,0.970448464283289,0.00112243056912681
14.8198198198198,0.970448464283289,0.00112243056912681
14.8348348348348,0.970448464283289,0.00112243056912681
14.8498498498498,0.970448464283289,0.00112243056912681
14.8648648648649,0.970488808302108,0.00111972431390217
14.8798798798799,0.970572858341316,0.00111408628218419
14.8948948948949,0.970656908380523,0.0011084482504662
14.9099099099099,0.97074095841973,0.00110281021874821
14.9249249249249,0.970825008458937,0.00109717218703023
14.9399399399399,0.970909058498145,0.00109153415531224
14.954954954955,0.970993108537352,0.00108589612359425
14.96996996997,0.971008797878004,0.00108484369100689
14.984984984985,0.971008797878004,0.00108484369100689
15,0.971008797878004,0.00108484369100689
