"trial","stopped_at_n","T1_","T2_","s1","s2","beta_allowed","margin","reason","violation","eps"
1,60,0.834450982045785,0.0622317713624085,0.471404520791032,0.12801909579781,0.0698129174286812,0.00758114606627266,"violation",1,0.863448275862069
2,160,0.720240586751941,0.116032322209533,0.487179381747627,0.242061459137964,0.117976059648898,0.0019437374393648,"violation",1,0.863448275862069
3,10050,0.388808133539455,0.376041563549901,0.483110963510745,0.47956215643502,0.257742920094472,-0.118298643455429,"max_iter reached without violation",0,0.863448275862069
4,10050,0.384286041077256,0.376946713313955,0.481894409826699,0.479825467638051,0.259649910975902,-0.117296802338053,"max_iter reached without violation",0,0.863448275862069
5,10050,0.397345438714473,0.380466110367507,0.485287872504578,0.480832230276251,0.254142692267015,-0.126323418100493,"max_iter reached without violation",0,0.863448275862069
6,10050,0.38287883445484,0.384286041077256,0.481506807555854,0.481894409826699,0.260243337629529,-0.124042703447727,"max_iter reached without violation",0,0.863448275862069
7,10050,0.385090087956505,0.376846144396795,0.482113949754626,0.479796300514991,0.259310840052477,-0.117535304344318,"max_iter reached without violation",0,0.863448275862069
8,10050,0.375940987253087,0.390817429985578,0.479532787476512,0.483637365552825,0.263169065367538,-0.12764836461804,"max_iter reached without violation",0,0.863448275862069
9,50,0.894790769027509,0.0275269587093167,0.448998886412873,0.0707106781186548,0.0443673024786466,0.0168403437693299,"violation at burn-in",1,0.863448275862069
10,50,0.80895608070809,0.0745005976726398,0.485386443980464,0.14,0.0805642553945345,0.00606365772189474,"violation at burn-in",1,0.863448275862069
11,10050,0.399554159090291,0.363161073618305,0.485825733061639,0.475619028280902,0.253211262922851,-0.109949810695455,"max_iter reached without violation",0,0.863448275862069
12,10050,0.384085021273147,0.375538673857183,0.481839303737123,0.479415087133936,0.25973468211595,-0.115803991741233,"max_iter reached without violation",0,0.863448275862069
13,60,0.848900834988849,0.0622317713624085,0.465176191231762,0.12801909579781,0.0637193361870833,0.00148756482467477,"violation",1,0.863448275862069
14,50,0.826859192020479,0.0275269587093167,0.48,0.0707106781186548,0.0730144163969151,0.0454874576875984,"violation at burn-in",1,0.863448275862069
15,10050,0.387903845460637,0.37744954561455,0.482871219619951,0.47997096724983,0.258124263274627,-0.119325282339922,"max_iter reached without violation",0,0.863448275862069
16,280,0.797536650009014,0.0722679624007254,0.448296093843234,0.194273896699416,0.0853798911641024,0.013111928763377,"violation",1,0.863448275862069
17,10050,0.386195568035309,0.372923316033645,0.482413509336386,0.478641262307914,0.25884465311634,-0.114078662917305,"max_iter reached without violation",0,0.863448275862069
18,10050,0.39443335787942,0.381370936744203,0.484562852875836,0.481086696752089,0.255370732526,-0.126000204218203,"max_iter reached without violation",0,0.863448275862069
19,10050,0.390917886399284,0.382677791975745,0.483663455677562,0.481451081299609,0.256853225887775,-0.12582456608797,"max_iter reached without violation",0,0.863448275862069
20,10050,0.373426312706141,0.382376222174683,0.478791257533373,0.481367325559478,0.26422951724261,-0.118146704932073,"max_iter reached without violation",0,0.863448275862069
21,10050,0.390917886399284,0.385492092009269,0.483663455677562,0.482223189482979,0.256853225887775,-0.128638866121494,"max_iter reached without violation",0,0.863448275862069
22,10050,0.385291091597542,0.375136347320187,0.482168613780026,0.479297027379103,0.259226075728484,-0.115910271591703,"max_iter reached without violation",0,0.863448275862069
23,10050,0.391319704056751,0.380164486927054,0.483767597446747,0.48074700748503,0.256683777205513,-0.123480709721541,"max_iter reached without violation",0,0.863448275862069
24,10050,0.378555704676745,0.376946713313955,0.480289097201541,0.479825467638051,0.262066424869558,-0.114880288444397,"max_iter reached without violation",0,0.863448275862069
25,10050,0.396542172712761,0.373929288765314,0.485089689777609,0.478940688979139,0.254481433890153,-0.119447854875161,"max_iter reached without violation",0,0.863448275862069
26,10050,0.388808133539455,0.390716972771877,0.483110963510745,0.483611253548036,0.257742920094472,-0.132974052677405,"max_iter reached without violation",0,0.863448275862069
27,70,0.734750092269623,0.109699356023279,0.494871659305394,0.202534955410826,0.111857322593526,0.00215796657024721,"violation",1,0.863448275862069
28,10050,0.379259572606471,0.387200465279896,0.480490135721309,0.482683521160051,0.261769599951682,-0.125430865328215,"max_iter reached without violation",0,0.863448275862069
29,10050,0.379360121903421,0.387401435067541,0.480518766226589,0.482737259286486,0.261727197768617,-0.125674237298924,"max_iter reached without violation",0,0.863448275862069
30,10050,0.409689309968597,0.366080504629284,0.48816143497248,0.476545077106659,0.248937214908926,-0.117143289720358,"max_iter reached without violation",0,0.863448275862069
31,160,0.834805211874103,0.0487472130312073,0.439992897669951,0.135640840088817,0.0696635367916906,0.0209163237604833,"violation",1,0.863448275862069
32,10050,0.378555704676745,0.378756813881536,0.480289097201541,0.480346648422704,0.262066424869558,-0.116690389011979,"max_iter reached without violation",0,0.863448275862069
33,10050,0.386296061384974,0.382175171584048,0.482440609669081,0.481311377450518,0.258802274526548,-0.123372897057499,"max_iter reached without violation",0,0.863448275862069
34,60,0.819765062450468,0.0622317713624085,0.476969600708473,0.12801909579781,0.0760060492559908,0.0137742778935823,"violation",1,0.863448275862069
35,10050,0.392324192264005,0.384085021273147,0.484026421994382,0.481839303737123,0.256260179088547,-0.1278248421846,"max_iter reached without violation",0,0.863448275862069
36,10050,0.396341348286461,0.372722111588576,0.48503992732121,0.478581106240742,0.254566122638321,-0.118155988950255,"max_iter reached without violation",0,0.863448275862069
37,10050,0.386497045666552,0.374532832853885,0.482494744208327,0.479119263267456,0.258717518366544,-0.115815314487341,"max_iter reached without violation",0,0.863448275862069
38,10050,0.397144626967625,0.385291091597542,0.485238456834461,0.482168613780026,0.254227375668189,-0.131063715929353,"max_iter reached without violation",0,0.863448275862069
39,50,0.790712364249548,0.0745005976726398,0.489897948556636,0.14,0.0882577294268883,0.0137571317542485,"violation at burn-in",1,0.863448275862069
40,10050,0.391821958144206,0.386497045666552,0.483897282780826,0.482494744208327,0.256471973936795,-0.130025071729757,"max_iter reached without violation",0,0.863448275862069
41,10050,0.381069335272202,0.394835063904432,0.481002074803682,0.484663941468721,0.261006413234482,-0.13382865066995,"max_iter reached without violation",0,0.863448275862069
42,10050,0.384587564718469,0.380667188590515,0.48197690308309,0.480888934137671,0.259522756823452,-0.121144431767062,"max_iter reached without violation",0,0.863448275862069
43,50,0.80895608070809,0.0275269587093167,0.485386443980464,0.0707106781186548,0.0805642553945345,0.0530372966852179,"violation at burn-in",1,0.863448275862069
44,10050,0.380968799821962,0.381169869909227,0.480973823009461,0.48103030435625,0.261048809578314,-0.120121060330913,"max_iter reached without violation",0,0.863448275862069
45,10050,0.392223747036689,0.370810504472414,0.484000637820303,0.478005113873156,0.256302537384883,-0.114507967087531,"max_iter reached without violation",0,0.863448275862069
46,180,0.810877104630363,0.0793084088278653,0.450616861153192,0.193330140458948,0.0797541492028971,0.00044574037503177,"violation",1,0.863448275862069
47,160,0.790006592849108,0.0595273103614581,0.463512405443479,0.15612494995996,0.0885553570486727,0.0290280466872146,"violation",1,0.863448275862069
48,10050,0.387501918754579,0.379360121903421,0.482764095343859,0.480518766226589,0.258293757943271,-0.12106636396015,"max_iter reached without violation",0,0.863448275862069
49,10050,0.383582457603223,0.370106152820639,0.481701151243105,0.477790845431263,0.259946615937271,-0.110159536883368,"max_iter reached without violation",0,0.863448275862069
50,10050,0.390917886399284,0.374532832853885,0.483663455677562,0.479119263267456,0.256853225887775,-0.11767960696611,"max_iter reached without violation",0,0.863448275862069
51,90,0.87177896896625,0.0417124095892458,0.436173031697567,0.104822012578407,0.0540715031885915,0.0123590935993457,"violation",1,0.863448275862069
52,70,0.788036585503097,0.0835536454472621,0.483186700722508,0.166598625567009,0.0893861198153777,0.00583247436811558,"violation",1,0.863448275862069
53,310,0.771202647362396,0.0959328216985652,0.459651951756306,0.23386540594054,0.0964850826962165,0.000552260997651224,"violation",1,0.863448275862069
54,10050,0.387501918754579,0.375840410135559,0.482764095343859,0.479503396071279,0.258293757943271,-0.117546652192288,"max_iter reached without violation",0,0.863448275862069
55,10050,0.390114212682525,0.384185531579624,0.483454121839463,0.48186686784297,0.257192139446557,-0.126993392133067,"max_iter reached without violation",0,0.863448275862069
56,10050,0.390415596329512,0.374734007632384,0.483532786217894,0.479178607946357,0.257065044330431,-0.117668963301953,"max_iter reached without violation",0,0.863448275862069
57,50,0.894790769027509,0.0275269587093167,0.448998886412873,0.0707106781186548,0.0443673024786466,0.0168403437693299,"violation at burn-in",1,0.863448275862069
58,10050,0.385592591004484,0.383984510157686,0.48225044422291,0.481811717505362,0.259098931795758,-0.124885578361928,"max_iter reached without violation",0,0.863448275862069
59,10050,0.385090087956505,0.37020677697307,0.482113949754626,0.477821523253148,0.259310840052477,-0.110895936920593,"max_iter reached without violation",0,0.863448275862069
60,10050,0.375035763631504,0.382677791975745,0.479267456251121,0.481451081299609,0.263550803071144,-0.119126988904602,"max_iter reached without violation",0,0.863448275862069
61,10050,0.392022854187348,0.380968799821962,0.483949003976187,0.480973823009461,0.256387254987418,-0.124581544834544,"max_iter reached without violation",0,0.863448275862069
62,50,0.844410079701748,0.0275269587093167,0.47370877129308,0.0707106781186548,0.0656131120120631,0.0380861533027464,"violation at burn-in",1,0.863448275862069
63,50,0.878395081610861,0.0275269587093167,0.458257569495584,0.0707106781186548,0.0512814526557347,0.023754493946418,"violation at burn-in",1,0.863448275862069
64,10050,0.386698026725365,0.386396553928677,0.482548790604103,0.482467687958491,0.258632763565597,-0.127763790363079,"max_iter reached without violation",0,0.863448275862069
65,10050,0.385291091597542,0.387501918754579,0.482168613780026,0.482764095343859,0.259226075728484,-0.128275843026095,"max_iter reached without violation",0,0.863448275862069
66,10050,0.38860718625474,0.375840410135559,0.483057840845213,0.479503396071279,0.257827660652699,-0.11801274948286,"max_iter reached without violation",0,0.863448275862069
67,10050,0.383481942440756,0.385090087956505,0.481673454324685,0.482113949754626,0.25998900372564,-0.125101084230866,"max_iter reached without violation",0,0.863448275862069
68,10050,0.389913286246895,0.382677791975745,0.483401569401742,0.481451081299609,0.257276871212612,-0.125400920763133,"max_iter reached without violation",0,0.863448275862069
69,10050,0.385693089192783,0.378153476463876,0.482277676893469,0.480173726636811,0.259056551165488,-0.119096925298388,"max_iter reached without violation",0,0.863448275862069
70,280,0.810575564568979,0.0620871231403044,0.440952123830019,0.176379403212368,0.0798813102798218,0.0177941871395175,"violation",1,0.863448275862069
71,10050,0.381773060661858,0.384587564718469,0.48119921481596,0.48197690308309,0.260709648426526,-0.123877916291943,"max_iter reached without violation",0,0.863448275862069
72,10050,0.388808133539455,0.373929288765314,0.483110963510745,0.478940688979139,0.257742920094472,-0.116186368670842,"max_iter reached without violation",0,0.863448275862069
73,10050,0.382979354478326,0.380566649885978,0.481534637424381,0.480860593337606,0.260200947791242,-0.120365702094735,"max_iter reached without violation",0,0.863448275862069
74,10050,0.385592591004484,0.373828695201618,0.48225044422291,0.478910847767002,0.259098931795758,-0.11472976340586,"max_iter reached without violation",0,0.863448275862069
75,10050,0.383079873691291,0.380868263558363,0.481562445124969,0.480945548969669,0.260158558294757,-0.120709705263606,"max_iter reached without violation",0,0.863448275862069
76,10050,0.38900907761372,0.372420298728439,0.483163998369665,0.478490702772568,0.257658180890109,-0.11476211783833,"max_iter reached without violation",0,0.863448275862069
77,10050,0.385190590180756,0.369301129717716,0.482141292809508,0.477544605535424,0.259268457720224,-0.110032671997491,"max_iter reached without violation",0,0.863448275862069
78,10050,0.382577269519855,0.373124517177481,0.481423184904189,0.478701328085534,0.260370509195786,-0.112754007981695,"max_iter reached without violation",0,0.863448275862069
79,10050,0.395136335076077,0.377952357453442,0.484739529617681,0.480115907228816,0.255074283235083,-0.122878074218359,"max_iter reached without violation",0,0.863448275862069
80,10050,0.382778313620694,0.384085021273147,0.481478955515546,0.481839303737123,0.260285727809675,-0.123799293463472,"max_iter reached without violation",0,0.863448275862069
81,10050,0.39172150892464,0.38900907761372,0.483871389417676,0.483163998369665,0.256514333916685,-0.132494743697035,"max_iter reached without violation",0,0.863448275862069
82,50,0.790712364249548,0.0745005976726398,0.489897948556636,0.14,0.0882577294268883,0.0137571317542485,"violation at burn-in",1,0.863448275862069
83,10050,0.397144626967625,0.371313587933695,0.485238456834461,0.478157482794132,0.254227375668189,-0.117086212265506,"max_iter reached without violation",0,0.863448275862069
84,10050,0.391118796827231,0.385793586574302,0.483715570301039,0.482304887498395,0.256768500872248,-0.129025085702055,"max_iter reached without violation",0,0.863448275862069
85,10050,0.388205282049723,0.376745574660273,0.482951331978365,0.479767110982171,0.257997145832531,-0.118748428827742,"max_iter reached without violation",0,0.863448275862069
86,90,0.890141669364793,0.0153863678326736,0.422952584681651,0.052704627669473,0.0463278529843627,0.0309414851516891,"violation",1,0.863448275862069
87,10050,0.393027286516466,0.375236930186944,0.484206300242495,0.47932657602722,0.255963680434564,-0.11927324975238,"max_iter reached without violation",0,0.863448275862069
88,70,0.863377182770204,0.0534488391899587,0.451753951452626,0.118666055184544,0.0576145819286914,0.00416574273873267,"violation",1,0.863448275862069
89,160,0.778581931084374,0.079515200404443,0.46837484987988,0.189983551919633,0.0933731987869581,0.0138579983825151,"violation",1,0.863448275862069
90,90,0.774015565121441,0.0652551788198454,0.481894409826699,0.147405546238018,0.0952988600434177,0.0300436812235723,"violation",1,0.863448275862069
91,10050,0.393127725362806,0.389511423760599,0.484231909895277,0.483296201552616,0.255921324829119,-0.13359009893148,"max_iter reached without violation",0,0.863448275862069
92,50,0.878395081610861,0.0275269587093167,0.458257569495584,0.0707106781186548,0.0512814526557347,0.023754493946418,"violation at burn-in",1,0.863448275862069
93,10050,0.378857367259035,0.382275697285119,0.480375390532046,0.481339362602462,0.261939212124903,-0.120336485160215,"max_iter reached without violation",0,0.863448275862069
94,10050,0.395136335076077,0.378756813881536,0.484739529617681,0.480346648422704,0.255074283235083,-0.123682530646453,"max_iter reached without violation",0,0.863448275862069
95,100,0.773135037261782,0.077314866742729,0.48,0.17058722109232,0.0956701834104765,0.0183553166677475,"violation",1,0.863448275862069
96,10050,0.394031639127696,0.38147146894244,0.484461416204119,0.481114859603179,0.255540139499174,-0.125931329443265,"max_iter reached without violation",0,0.863448275862069
97,10050,0.389210018478593,0.373023917018139,0.483216945450883,0.478671306480792,0.257573443039165,-0.115450473978974,"max_iter reached without violation",0,0.863448275862069
98,10050,0.381572000328033,0.386095073879545,0.481143000228255,0.482386386956691,0.260794436658174,-0.125300637221371,"max_iter reached without violation",0,0.863448275862069
99,10050,0.395839273339763,0.38036557003496,0.484915141532784,0.480803844949667,0.254777850362411,-0.125587719672548,"max_iter reached without violation",0,0.863448275862069
100,10050,0.377952357453442,0.390013749865227,0.480115907228816,0.483427856574858,0.262320859661148,-0.127692890204079,"max_iter reached without violation",0,0.863448275862069
101,10050,0.386497045666552,0.395939689915986,0.482494744208327,0.484940142092136,0.258717518366544,-0.137222171549442,"max_iter reached without violation",0,0.863448275862069
102,180,0.795807880361763,0.0793084088278653,0.458257569495584,0.193330140458948,0.0861089226867787,0.00680051385891341,"violation",1,0.863448275862069
103,10050,0.38368297195601,0.381572000328033,0.481728826016569,0.481143000228255,0.259904228490349,-0.121667771837684,"max_iter reached without violation",0,0.863448275862069
104,120,0.778766710645074,0.0789160685510232,0.474268442504407,0.17950549357115,0.0932952762455076,0.0143792076944843,"violation",1,0.863448275862069
105,10050,0.369904902026449,0.403468679927066,0.477729421703727,0.486753558291303,0.265714515197003,-0.137754164730062,"max_iter reached without violation",0,0.863448275862069
106,10050,0.387803364990169,0.380767726481262,0.482844471536615,0.480917252680381,0.258166636433192,-0.12260109004807,"max_iter reached without violation",0,0.863448275862069
107,10050,0.385090087956505,0.38287883445484,0.482113949754626,0.481506807555854,0.259310840052477,-0.123567994402363,"max_iter reached without violation",0,0.863448275862069
108,50,0.790712364249548,0.0745005976726398,0.489897948556636,0.14,0.0882577294268883,0.0137571317542485,"violation at burn-in",1,0.863448275862069
109,10050,0.38368297195601,0.372722111588576,0.481728826016569,0.478581106240742,0.259904228490349,-0.112817883098227,"max_iter reached without violation",0,0.863448275862069
110,10050,0.381572000328033,0.386396553928677,0.481143000228255,0.482467687958491,0.260794436658174,-0.125602117270502,"max_iter reached without violation",0,0.863448275862069
111,10050,0.382577269519855,0.37231969278976,0.481423184904189,0.478460523101468,0.260370509195786,-0.111949183593974,"max_iter reached without violation",0,0.863448275862069
112,10050,0.385291091597542,0.388004325127296,0.482168613780026,0.482897945718922,0.259226075728484,-0.128778249398812,"max_iter reached without violation",0,0.863448275862069
113,10050,0.398249052392163,0.379963400561107,0.485509171351529,0.480690080912099,0.253761633485467,-0.126201767075639,"max_iter reached without violation",0,0.863448275862069
114,10050,0.383783485499257,0.38860718625474,0.481756478648892,0.483057840845213,0.259861841384815,-0.128745344869925,"max_iter reached without violation",0,0.863448275862069
115,10050,0.386195568035309,0.383883998233102,0.482413509336386,0.481784109143887,0.25884465311634,-0.125039345116762,"max_iter reached without violation",0,0.863448275862069
116,10050,0.39433292938493,0.373627505602327,0.484537526348823,0.478851097735641,0.255413083766013,-0.118214421836314,"max_iter reached without violation",0,0.863448275862069
117,10050,0.395136335076077,0.375739832197166,0.484739529617681,0.479473982215194,0.255074283235083,-0.120665548962083,"max_iter reached without violation",0,0.863448275862069
118,70,0.800992525430808,0.0534488391899587,0.479157423749955,0.118666055184544,0.0839225297828813,0.0304736905929227,"violation",1,0.863448275862069
119,280,0.761196057930465,0.0772418865865491,0.465643618652545,0.202534955410826,0.10070491565196,0.0234630290654109,"violation",1,0.863448275862069
120,10050,0.384788576437591,0.37543809345529,0.482031788046196,0.479385605900486,0.259437989092887,-0.116000104362403,"max_iter reached without violation",0,0.863448275862069
121,160,0.812592559593229,0.0595273103614581,0.452596674755792,0.15612494995996,0.079030732554734,0.0195034221932759,"violation",1,0.863448275862069
122,10050,0.38860718625474,0.379058471564973,0.483057840845213,0.480432807768297,0.257827660652699,-0.121230810912274,"max_iter reached without violation",0,0.863448275862069
123,10050,0.389812821827396,0.372520903841031,0.483375260316539,0.478520859849967,0.257319237602396,-0.115201666238635,"max_iter reached without violation",0,0.863448275862069
124,160,0.772837907380941,0.079515200404443,0.470662764089109,0.189983551919633,0.095795484690382,0.016280284285939,"violation",1,0.863448275862069
125,10050,0.380667188590515,0.375639253437758,0.480888934137671,0.479444545904125,0.26117600066804,-0.114463252769718,"max_iter reached without violation",0,0.863448275862069
126,10050,0.386195568035309,0.387602401637274,0.482413509336386,0.482790909402228,0.25884465311634,-0.128757748520934,"max_iter reached without violation",0,0.863448275862069
127,10050,0.396040105698644,0.379058471564973,0.484965120947303,0.480432807768297,0.254693158269031,-0.124365313295942,"max_iter reached without violation",0,0.863448275862069
128,50,0.844410079701748,0.0275269587093167,0.47370877129308,0.0707106781186548,0.0656131120120631,0.0380861533027464,"violation at burn-in",1,0.863448275862069
129,10050,0.38127040373318,0.38488908108506,0.481058511671082,0.482059197376734,0.260921621575569,-0.123967459509492,"max_iter reached without violation",0,0.863448275862069
130,10050,0.388406235758517,0.366885740969915,0.483004630344097,0.476797149108492,0.257912402565236,-0.108973338404679,"max_iter reached without violation",0,0.863448275862069
131,10050,0.396040105698644,0.378957919820132,0.484965120947303,0.480404110312576,0.254693158269031,-0.124264761551101,"max_iter reached without violation",0,0.863448275862069
132,10050,0.37543809345529,0.406880365019464,0.479385605900486,0.487535789720874,0.263381138405571,-0.143499226613893,"max_iter reached without violation",0,0.863448275862069
133,10050,0.39493548842307,0.384989584924653,0.484689159255164,0.482086584611622,0.255158981356374,-0.129830603568279,"max_iter reached without violation",0,0.863448275862069
134,10050,0.374130473421576,0.386899004562494,0.47900030381739,0.482602748886023,0.263932568855415,-0.122966435707079,"max_iter reached without violation",0,0.863448275862069
135,10050,0.396140520687862,0.378857367259035,0.484990078101638,0.480375390532046,0.254650812724264,-0.124206554534771,"max_iter reached without violation",0,0.863448275862069
136,10050,0.382979354478326,0.384286041077256,0.481534637424381,0.481894409826699,0.260200947791242,-0.124085093286014,"max_iter reached without violation",0,0.863448275862069
137,10050,0.398249052392163,0.377751235172102,0.485509171351529,0.480057998360672,0.253761633485467,-0.123989601686635,"max_iter reached without violation",0,0.863448275862069
138,10050,0.387401435067541,0.372520903841031,0.482737259286486,0.478520859849967,0.25833613245828,-0.11418477138275,"max_iter reached without violation",0,0.863448275862069
139,10050,0.386497045666552,0.382778313620693,0.482494744208327,0.481478955515546,0.258717518366544,-0.12406079525415,"max_iter reached without violation",0,0.863448275862069
140,10050,0.392123301011179,0.384688070982106,0.483974831815402,0.482004356616239,0.256344896017822,-0.128343174964284,"max_iter reached without violation",0,0.863448275862069
141,10050,0.386497045666552,0.391018342013125,0.482494744208327,0.483689523925788,0.258717518366544,-0.132300823646581,"max_iter reached without violation",0,0.863448275862069
142,10050,0.38026502888819,0.385592591004484,0.480775437353909,0.48225044422291,0.261345593592471,-0.124246997412014,"max_iter reached without violation",0,0.863448275862069
143,10050,0.391420156472425,0.383381426468469,0.483793578224258,0.481645735257487,0.256641415877807,-0.126740010590662,"max_iter reached without violation",0,0.863448275862069
144,10050,0.395738855969853,0.376443860533039,0.48489011926589,0.479679407884224,0.254820196911129,-0.12162366362191,"max_iter reached without violation",0,0.863448275862069
145,50,0.826859192020479,0.0275269587093167,0.48,0.0707106781186548,0.0730144163969151,0.0454874576875984,"violation at burn-in",1,0.863448275862069
146,10050,0.38961189058438,0.382979354478326,0.48332257639556,0.481534637424381,0.257403971395751,-0.125575383082574,"max_iter reached without violation",0,0.863448275862069
147,100,0.835857557760775,0.0588310525346866,0.453762052181537,0.14,0.0692197568321326,0.010388704297446,"violation",1,0.863448275862069
148,90,0.843429898606732,0.0153863678326736,0.453246178986025,0.052704627669473,0.0660264596881602,0.0506400918554866,"violation",1,0.863448275862069
149,280,0.730976034254487,0.110554876727001,0.476969600708473,0.251500598449404,0.113448863297528,0.00289398657052739,"violation",1,0.863448275862069
150,10050,0.395939689915986,0.380063944151408,0.484940142092136,0.480718555339079,0.254735504148396,-0.125328440003012,"max_iter reached without violation",0,0.863448275862069
151,560,0.749900135157073,0.105424811958475,0.461309139784786,0.260487915423408,0.105468467460389,4.36555019140833e-05,"violation",1,0.863448275862069
152,280,0.767853778439848,0.096549526196903,0.462786039512156,0.232115382989599,0.0978973188571945,0.00134779266029157,"violation",1,0.863448275862069
153,10050,0.390415596329512,0.375739832197166,0.483532786217894,0.479473982215194,0.257065044330431,-0.118674787866735,"max_iter reached without violation",0,0.863448275862069
154,50,0.790712364249548,0.0275269587093167,0.489897948556636,0.0707106781186548,0.0882577294268883,0.0607307707175716,"violation at burn-in",1,0.863448275862069
155,10050,0.390114212682525,0.375035763631504,0.483454121839463,0.479267456251121,0.257192139446557,-0.117843624184947,"max_iter reached without violation",0,0.863448275862069
156,10050,0.389109548447265,0.376946713313955,0.483190482880682,0.479825467638051,0.257615811795488,-0.119330901518467,"max_iter reached without violation",0,0.863448275862069
157,10050,0.392022854187348,0.372017870015635,0.483949003976187,0.478369848483183,0.256387254987418,-0.115630615028217,"max_iter reached without violation",0,0.863448275862069
158,10050,0.385592591004484,0.383984510157686,0.48225044422291,0.481811717505362,0.259098931795758,-0.124885578361928,"max_iter reached without violation",0,0.863448275862069
159,160,0.812592559593229,0.0697287809828362,0.452596674755792,0.173992636338438,0.079030732554734,0.00930195157189777,"violation",1,0.863448275862069
160,10050,0.384386549766182,0.393127725362806,0.481921929692103,0.484231909895277,0.259607525917461,-0.133520199445346,"max_iter reached without violation",0,0.863448275862069
161,10050,0.397847454226163,0.370609265288759,0.485411032730273,0.477944007696723,0.253930989606989,-0.11667827568177,"max_iter reached without violation",0,0.863448275862069
162,480,0.681105666539311,0.117461425577544,0.486198404860494,0.27321866242993,0.134479467444032,0.0170180418664882,"violation",1,0.863448275862069
163,60,0.74303982794241,0.0972236971658371,0.495535624910617,0.17950549357115,0.108361496165912,0.0111377990000751,"violation",1,0.863448275862069
164,280,0.817057447359991,0.0722679624007254,0.43705881545081,0.194273896699416,0.0771478652031711,0.00487990280244567,"violation",1,0.863448275862069
165,70,0.721075689618868,0.109699356023279,0.496723961448963,0.202534955410826,0.117623892247281,0.0079245362240021,"violation",1,0.863448275862069
166,10050,0.382979354478326,0.382677791975745,0.481534637424381,0.481451081299609,0.260200947791242,-0.122476844184503,"max_iter reached without violation",0,0.863448275862069
167,10050,0.396843403406288,0.359435254718308,0.485164170839643,0.474409412309515,0.254354403275329,-0.105080851442979,"max_iter reached without violation",0,0.863448275862069
168,10050,0.387401435067541,0.37755010961867,0.482737259286486,0.48,0.25833613245828,-0.11921397716039,"max_iter reached without violation",0,0.863448275862069
169,10050,0.386597536598737,0.37161542807541,0.482521778422296,0.478248632420438,0.258675140796217,-0.112940287279193,"max_iter reached without violation",0,0.863448275862069
170,110,0.746851440774935,0.100621191018396,0.485832335123178,0.208298895225265,0.106754118392033,0.00613292737363685,"violation",1,0.863448275862069
171,10050,0.39453378557849,0.384587564718469,0.484588157647925,0.48197690308309,0.255328381621419,-0.129259183097049,"max_iter reached without violation",0,0.863448275862069
172,280,0.823513388125722,0.0620871231403044,0.433012701892219,0.176379403212368,0.0744253600190746,0.0123382368787703,"violation",1,0.863448275862069
173,10050,0.386999492273266,0.376846144396795,0.482629694993524,0.479796300514991,0.258505633911412,-0.118340510485383,"max_iter reached without violation",0,0.863448275862069
174,10050,0.391621058906241,0.382476746252881,0.483845474206207,0.481395266325432,0.256556694233448,-0.125920052019433,"max_iter reached without violation",0,0.863448275862069
175,10050,0.382376222174683,0.383883998233102,0.481367325559478,0.481784109143887,0.260455291950049,-0.123428706283054,"max_iter reached without violation",0,0.863448275862069
176,10050,0.386698026725365,0.374935179120745,0.482548790604103,0.479237862639114,0.258632763565597,-0.116302415555148,"max_iter reached without violation",0,0.863448275862069
177,10050,0.375639253437758,0.374029881505249,0.479444545904125,0.4789705076612,0.26329630815155,-0.110733573353698,"max_iter reached without violation",0,0.863448275862069
178,220,0.72350810889204,0.116099332114423,0.482311068649838,0.252057647872941,0.116598127866626,0.000498795752202866,"violation",1,0.863448275862069
179,90,0.804286524269364,0.0652551788198454,0.471404520791032,0.147405546238018,0.0825334326334808,0.0172782538136355,"violation",1,0.863448275862069
180,10050,0.391922406565066,0.382979354478326,0.483923154299161,0.481534637424381,0.256429614293724,-0.126549740184601,"max_iter reached without violation",0,0.863448275862069
181,90,0.814207428738858,0.0652551788198454,0.46732757432918,0.147405546238018,0.0783497334904381,0.0130945546705927,"violation",1,0.863448275862069
182,10050,0.398751032308068,0.378254034742872,0.485631358023394,0.480202602803354,0.253549945836377,-0.124704088906495,"max_iter reached without violation",0,0.863448275862069
183,10050,0.387099979179022,0.374734007632384,0.482656619083639,0.479178607946357,0.258463258039052,-0.116270749593333,"max_iter reached without violation",0,0.863448275862069
184,10050,0.402565435149921,0.38036557003496,0.48654234896889,0.480803844949667,0.251941391500454,-0.128424178534505,"max_iter reached without violation",0,0.863448275862069
185,10050,0.390817429985578,0.385693089192783,0.483637365552825,0.482277676893469,0.256895588901473,-0.12879750029131,"max_iter reached without violation",0,0.863448275862069
186,10050,0.385190590180756,0.384085021273147,0.482141292809508,0.481839303737123,0.259268457720224,-0.124816563552923,"max_iter reached without violation",0,0.863448275862069
187,10050,0.386698026725365,0.385492092009269,0.482548790604103,0.482223189482979,0.258632763565597,-0.126859328443672,"max_iter reached without violation",0,0.863448275862069
188,10050,0.385592591004484,0.380968799821962,0.48225044422291,0.480973823009461,0.259098931795758,-0.121869868026204,"max_iter reached without violation",0,0.863448275862069
189,10050,0.393127725362806,0.369200498092008,0.484231909895277,0.477513723317493,0.255921324829119,-0.113279173262889,"max_iter reached without violation",0,0.863448275862069
190,10050,0.387300950576025,0.370307400295938,0.482710401226441,0.477852178386272,0.258378507312543,-0.111928892983395,"max_iter reached without violation",0,0.863448275862069
191,90,0.743018751298959,0.104606694841303,0.489897948556636,0.206080411011016,0.1083703843006,0.00376368945929655,"violation",1,0.863448275862069
192,10050,0.383180392093877,0.382175171584048,0.481590230661459,0.481311377450518,0.260116169140013,-0.122059002444035,"max_iter reached without violation",0,0.863448275862069
193,10050,0.395638437806133,0.375639253437758,0.484865075288093,0.479444545904125,0.2548625437946,-0.120776709643158,"max_iter reached without violation",0,0.863448275862069
194,10050,0.387200465279896,0.376745574660273,0.482683521160051,0.479767110982171,0.258420882506114,-0.118324692154159,"max_iter reached without violation",0,0.863448275862069
195,10050,0.391922406565066,0.380968799821962,0.483923154299161,0.480973823009461,0.256429614293724,-0.124539185528238,"max_iter reached without violation",0,0.863448275862069
196,10050,0.395538018848481,0.372219086024837,0.484840009596028,0.478430320832391,0.254904891012877,-0.11731419501196,"max_iter reached without violation",0,0.863448275862069
197,10050,0.390616514758053,0.387099979179022,0.483585119659651,0.482656619083639,0.256980315941009,-0.130119663238012,"max_iter reached without violation",0,0.863448275862069
198,10050,0.391821958144206,0.368294776038666,0.483897282780826,0.477234759855624,0.256471973936795,-0.111822802101871,"max_iter reached without violation",0,0.863448275862069
199,10050,0.388004325127296,0.386698026725365,0.482897945718922,0.482548790604103,0.258081890455033,-0.128616136270332,"max_iter reached without violation",0,0.863448275862069
200,10050,0.387501918754579,0.380063944151408,0.482764095343859,0.480718555339079,0.258293757943271,-0.121770186208137,"max_iter reached without violation",0,0.863448275862069
201,50,0.80895608070809,0.0745005976726398,0.485386443980464,0.14,0.0805642553945345,0.00606365772189474,"violation at burn-in",1,0.863448275862069
202,220,0.787117227572064,0.0850532852600292,0.458257569495584,0.208298895225265,0.0897738180338254,0.00472053277379621,"violation",1,0.863448275862069
203,10050,0.384587564718469,0.388305759305758,0.48197690308309,0.482977992146125,0.259522756823452,-0.128783002482305,"max_iter reached without violation",0,0.863448275862069
204,10050,0.393529472778918,0.380667188590515,0.484334130545369,0.480888934137671,0.255751905768017,-0.124915282822498,"max_iter reached without violation",0,0.863448275862069
205,10050,0.385291091597542,0.388205282049723,0.482168613780026,0.482951331978365,0.259226075728484,-0.128979206321239,"max_iter reached without violation",0,0.863448275862069
206,10050,0.387300950576025,0.390716972771877,0.482710401226441,0.483611253548036,0.258378507312543,-0.132338465459334,"max_iter reached without violation",0,0.863448275862069
207,10050,0.397847454226163,0.374331654784024,0.485411032730273,0.47905982856897,0.253930989606989,-0.120400665177035,"max_iter reached without violation",0,0.863448275862069
208,10050,0.391621058906241,0.378957919820132,0.483845474206207,0.480404110312576,0.256556694233448,-0.122401225586684,"max_iter reached without violation",0,0.863448275862069
209,10050,0.392424636693253,0.375739832197166,0.484052184341127,0.479473982215194,0.25621782112876,-0.119522011068406,"max_iter reached without violation",0,0.863448275862069
210,10050,0.383481942440756,0.391520608088878,0.481673454324685,0.483819537142905,0.25998900372564,-0.131531604363239,"max_iter reached without violation",0,0.863448275862069
211,10050,0.39172150892464,0.377047281411902,0.483871389417676,0.479854612355437,0.256514333916685,-0.120532947495217,"max_iter reached without violation",0,0.863448275862069
212,10050,0.382577269519855,0.376443860533039,0.481423184904189,0.479679407884224,0.260370509195786,-0.116073351337253,"max_iter reached without violation",0,0.863448275862069
213,90,0.843429898606732,0.0652551788198454,0.453246178986025,0.147405546238018,0.0660264596881602,0.000771280868314808,"violation",1,0.863448275862069
214,10050,0.383582457603223,0.371816650699578,0.481701151243105,0.478309285690652,0.259946615937271,-0.111870034762307,"max_iter reached without violation",0,0.863448275862069
215,90,0.824040028479255,0.0652551788198454,0.462948147911104,0.147405546238018,0.0742032729298838,0.00894809411003848,"violation",1,0.863448275862069
216,10050,0.385592591004484,0.379661764900823,0.48225044422291,0.48060452390537,0.259098931795758,-0.120562833105065,"max_iter reached without violation",0,0.863448275862069
217,10050,0.389712356606602,0.379762310935959,0.483348929315673,0.48063306519921,0.25736160433009,-0.122400706605869,"max_iter reached without violation",0,0.863448275862069
218,10050,0.38900907761372,0.38287883445484,0.483163998369665,0.481506807555854,0.257658180890109,-0.125220653564731,"max_iter reached without violation",0,0.863448275862069
219,10050,0.392022854187348,0.369502390476272,0.483949003976187,0.477606301790929,0.256387254987418,-0.113115135488854,"max_iter reached without violation",0,0.863448275862069
220,160,0.790006592849108,0.079515200404443,0.463512405443479,0.189983551919633,0.0885553570486727,0.00904015664422969,"violation",1,0.863448275862069
221,50,0.844410079701748,0.0275269587093167,0.47370877129308,0.0707106781186548,0.0656131120120631,0.0380861533027464,"violation at burn-in",1,0.863448275862069
222,90,0.862432203126203,0.0153863678326736,0.442216638714053,0.052704627669473,0.0580130849622565,0.0426267171295829,"violation",1,0.863448275862069
223,10050,0.374130473421576,0.372822714223842,0.47900030381739,0.478611195562649,0.263932568855415,-0.108890145368427,"max_iter reached without violation",0,0.863448275862069
224,10050,0.397144626967625,0.380466110367507,0.485238456834461,0.480832230276251,0.254227375668189,-0.126238734699319,"max_iter reached without violation",0,0.863448275862069
225,10050,0.382778313620694,0.388104803990281,0.481478955515546,0.482924649837178,0.260285727809675,-0.127819076180605,"max_iter reached without violation",0,0.863448275862069
226,10050,0.385090087956505,0.391520608088878,0.482113949754626,0.483819537142905,0.259310840052477,-0.132209768036401,"max_iter reached without violation",0,0.863448275862069
227,10050,0.39373034170719,0.386497045666552,0.484385110142078,0.482494744208327,0.255667198253126,-0.130829847413426,"max_iter reached without violation",0,0.863448275862069
228,10050,0.373728100814007,0.386195568035309,0.478880984020574,0.482413509336386,0.264102251563141,-0.122093316472167,"max_iter reached without violation",0,0.863448275862069
229,10050,0.386396553928677,0.376544432728545,0.482467687958491,0.479708664670884,0.258759896276635,-0.117784536451909,"max_iter reached without violation",0,0.863448275862069
230,10050,0.383180392093877,0.373023917018139,0.481590230661459,0.478671306480792,0.260116169140013,-0.112907747878126,"max_iter reached without violation",0,0.863448275862069
231,50,0.861594493296846,0.0275269587093167,0.466476151587624,0.0707106781186548,0.0583663517340488,0.0308393930247322,"violation at burn-in",1,0.863448275862069
232,10050,0.391118796827231,0.389410956135129,0.483715570301039,0.483269804783252,0.256768500872248,-0.132642455262881,"max_iter reached without violation",0,0.863448275862069
233,90,0.833781791811234,0.0652551788198454,0.458257569495584,0.147405546238018,0.0700951185746989,0.00483993975485358,"violation",1,0.863448275862069
234,10050,0.389913286246895,0.379963400561107,0.483401569401742,0.480690080912099,0.257276871212612,-0.122686529348495,"max_iter reached without violation",0,0.863448275862069
235,10050,0.383280909686223,0.380164486927054,0.481617994037688,0.48074700748503,0.260073780326951,-0.120090706600103,"max_iter reached without violation",0,0.863448275862069
236,90,0.71133125754252,0.0857374138515053,0.495535624910617,0.17950549357115,0.121733172026419,0.035995758174914,"violation",1,0.863448275862069
237,10050,0.38961189058438,0.382677791975745,0.48332257639556,0.481451081299609,0.257403971395751,-0.125273820579994,"max_iter reached without violation",0,0.863448275862069
238,50,0.753238465893974,0.0745005976726398,0.496386945839634,0.14,0.10406067530937,0.0295600776367306,"violation at burn-in",1,0.863448275862069
239,10050,0.386195568035309,0.377751235172102,0.482413509336386,0.480057998360672,0.25884465311634,-0.118906582055762,"max_iter reached without violation",0,0.863448275862069
240,10050,0.38488908108506,0.374331654784024,0.482059197376734,0.47905982856897,0.25939560573875,-0.114936049045274,"max_iter reached without violation",0,0.863448275862069
241,10050,0.38448705764654,0.375538673857183,0.481949427442972,0.479415087133936,0.259565141199997,-0.115973532657186,"max_iter reached without violation",0,0.863448275862069
242,160,0.840296350711866,0.0595273103614581,0.436561493377508,0.15612494995996,0.0673478938056586,0.00782058344420049,"violation",1,0.863448275862069
243,10050,0.38026502888819,0.390315135914537,0.480775437353909,0.483506586657416,0.261345593592471,-0.128969542322066,"max_iter reached without violation",0,0.863448275862069
244,10050,0.38770288371576,0.386095073879545,0.48281770146526,0.482386386956691,0.258209009930783,-0.127886063948762,"max_iter reached without violation",0,0.863448275862069
245,10050,0.381873589610375,0.383481942440756,0.481227288786376,0.481673454324685,0.260667254824505,-0.122814687616251,"max_iter reached without violation",0,0.863448275862069
246,190,0.764349732458986,0.0981317034565968,0.470780574185544,0.223296878269436,0.0993749940240497,0.00124329056745288,"violation",1,0.863448275862069
247,10050,0.38900907761372,0.378455148849159,0.483163998369665,0.480260288081691,0.257658180890109,-0.12079696795905,"max_iter reached without violation",0,0.863448275862069
248,160,0.801344476533183,0.0697287809828362,0.458257569495584,0.173992636338438,0.083774110096962,0.0140453291141259,"violation",1,0.863448275862069
249,10050,0.379862856156005,0.384788576437591,0.48066158420013,0.482031788046196,0.261515192011664,-0.123273384425927,"max_iter reached without violation",0,0.863448275862069
250,10050,0.382275697285119,0.38870766029847,0.481339362602462,0.483084413155615,0.260497683840387,-0.128209976458083,"max_iter reached without violation",0,0.863448275862069
251,10050,0.38961189058438,0.378052917367449,0.48332257639556,0.480144828113311,0.257403971395751,-0.120648945971697,"max_iter reached without violation",0,0.863448275862069
252,10050,0.390214674698918,0.380566649885978,0.483480365199127,0.480860593337606,0.257149774070176,-0.123416875815802,"max_iter reached without violation",0,0.863448275862069
253,10050,0.383079873691291,0.376443860533039,0.481562445124969,0.479679407884224,0.260158558294757,-0.116285302238282,"max_iter reached without violation",0,0.863448275862069
254,10050,0.391621058906241,0.380767726481262,0.483845474206207,0.480917252680381,0.256556694233448,-0.124211032247814,"max_iter reached without violation",0,0.863448275862069
255,10050,0.384286041077256,0.376745574660273,0.481894409826699,0.479767110982171,0.259649910975902,-0.117095663684371,"max_iter reached without violation",0,0.863448275862069
256,10050,0.388305759305758,0.388908605977827,0.482977992146125,0.483137491914223,0.257954774029511,-0.130953831948317,"max_iter reached without violation",0,0.863448275862069
257,10050,0.388808133539455,0.364067179441085,0.483110963510745,0.475908487935327,0.257742920094472,-0.106324259346612,"max_iter reached without violation",0,0.863448275862069
258,50,0.734021127930363,0.0745005976726398,0.498397431775084,0.14,0.112164730803216,0.0376641331305763,"violation at burn-in",1,0.863448275862069
259,50,0.826859192020479,0.0275269587093167,0.48,0.0707106781186548,0.0730144163969151,0.0454874576875984,"violation at burn-in",1,0.863448275862069
260,10050,0.383984510157686,0.381069335272202,0.481811717505362,0.481002074803682,0.259777068197674,-0.121292267074529,"max_iter reached without violation",0,0.863448275862069
261,10050,0.392223747036689,0.37744954561455,0.484000637820303,0.47997096724983,0.256302537384883,-0.121147008229667,"max_iter reached without violation",0,0.863448275862069
262,10050,0.395638437806133,0.377147848690787,0.484865075288093,0.479883734671232,0.2548625437946,-0.122285304896186,"max_iter reached without violation",0,0.863448275862069
263,10050,0.384788576437591,0.381572000328033,0.482031788046196,0.481143000228255,0.259437989092887,-0.122134011235146,"max_iter reached without violation",0,0.863448275862069
264,10050,0.385693089192783,0.376745574660273,0.482277676893469,0.479767110982171,0.259056551165488,-0.117689023494785,"max_iter reached without violation",0,0.863448275862069
265,10050,0.386296061384974,0.382175171584048,0.482440609669081,0.481311377450518,0.258802274526548,-0.123372897057499,"max_iter reached without violation",0,0.863448275862069
266,50,0.910755917550709,0.0275269587093167,0.438634243989226,0.0707106781186548,0.037634712884578,0.0101077541752614,"violation at burn-in",1,0.863448275862069
267,10050,0.385693089192783,0.385090087956505,0.482277676893469,0.482113949754626,0.259056551165488,-0.126033536791017,"max_iter reached without violation",0,0.863448275862069
268,10050,0.386396553928677,0.371414202141872,0.482467687958491,0.478187888638114,0.258759896276635,-0.112654305865237,"max_iter reached without violation",0,0.863448275862069
269,10050,0.389210018478593,0.376745574660273,0.483216945450883,0.479767110982171,0.257573443039165,-0.119172131621108,"max_iter reached without violation",0,0.863448275862069
270,10050,0.388808133539455,0.389913286246895,0.483110963510745,0.483401569401742,0.257742920094472,-0.132170366152423,"max_iter reached without violation",0,0.863448275862069
271,10050,0.380667188590515,0.387300950576025,0.480888934137671,0.482710401226441,0.26117600066804,-0.126124949907985,"max_iter reached without violation",0,0.863448275862069
272,820,0.764120385446101,0.0637969071541162,0.450421179062978,0.202141273832327,0.0994717109014492,0.035674803747333,"violation",1,0.863448275862069
273,480,0.735095864026835,0.0762251135157102,0.46914797920154,0.213589933569497,0.111711508770927,0.0354863952552172,"violation",1,0.863448275862069
274,10050,0.386698026725365,0.380164486927054,0.482548790604103,0.48074700748503,0.258632763565597,-0.121531723361457,"max_iter reached without violation",0,0.863448275862069
275,10050,0.389109548447265,0.380164486927054,0.483190482880682,0.48074700748503,0.257615811795488,-0.122548675131567,"max_iter reached without violation",0,0.863448275862069
276,10050,0.390516055943974,0.372017870015635,0.483558963884121,0.478369848483183,0.257022679966957,-0.114995190048678,"max_iter reached without violation",0,0.863448275862069
277,270,0.695291305172349,0.124024677270572,0.487498021521785,0.267821573182088,0.128497306807868,0.00447262953729605,"violation",1,0.863448275862069
278,10050,0.386899004562495,0.369904902026449,0.482602748886023,0.477729421703727,0.258548010123252,-0.111356891903197,"max_iter reached without violation",0,0.863448275862069
279,10050,0.391821958144206,0.367690923875528,0.483897282780826,0.47704775964888,0.256471973936795,-0.111218949938733,"max_iter reached without violation",0,0.863448275862069
280,10050,0.38961189058438,0.384989584924653,0.48332257639556,0.482086584611622,0.257403971395751,-0.127585613528901,"max_iter reached without violation",0,0.863448275862069
281,10050,0.396140520687862,0.379762310935959,0.484990078101638,0.48063306519921,0.254650812724264,-0.125111498211695,"max_iter reached without violation",0,0.863448275862069
282,160,0.834805211874103,0.0487472130312073,0.439992897669951,0.135640840088817,0.0696635367916906,0.0209163237604833,"violation",1,0.863448275862069
283,10050,0.390415596329512,0.374633420654478,0.483532786217894,0.479148946857263,0.257065044330431,-0.117568376324048,"max_iter reached without violation",0,0.863448275862069
284,160,0.778581931084374,0.0889840203618664,0.46837484987988,0.20453835214942,0.0933731987869581,0.00438917842509166,"violation",1,0.863448275862069
285,90,0.794279587966123,0.0857374138515053,0.475186772896513,0.17950549357115,0.0867534118667336,0.00101599801522829,"violation",1,0.863448275862069
286,10050,0.38448705764654,0.378857367259035,0.481949427442972,0.480375390532046,0.259565141199997,-0.119292226059038,"max_iter reached without violation",0,0.863448275862069
287,280,0.774489648694663,0.0917989674206131,0.459799756770848,0.225170003802116,0.0950989364331141,0.00329996901250106,"violation",1,0.863448275862069
288,160,0.80697994677785,0.079515200404443,0.455478800275051,0.189983551919633,0.0813976017749884,0.00188240137054536,"violation",1,0.863448275862069
289,100,0.773135037261782,0.0943521513629654,0.48,0.195959179422654,0.0956701834104765,0.00131803204751106,"violation",1,0.863448275862069
290,60,0.848900834988849,0.0622317713624085,0.465176191231762,0.12801909579781,0.0637193361870833,0.00148756482467477,"violation",1,0.863448275862069
291,10050,0.380566649885978,0.372017870015635,0.480860593337606,0.478369848483183,0.261218398384226,-0.110799471631409,"max_iter reached without violation",0,0.863448275862069
292,10050,0.391420156472425,0.381974117746817,0.483793578224258,0.481255340546353,0.256641415877807,-0.12533270186901,"max_iter reached without violation",0,0.863448275862069
293,10050,0.390315135914537,0.384386549766182,0.483506586657416,0.481921929692103,0.257107409031486,-0.127279140734696,"max_iter reached without violation",0,0.863448275862069
294,10050,0.385592591004484,0.387200465279896,0.48225044422291,0.482683521160051,0.259098931795758,-0.128101533484139,"max_iter reached without violation",0,0.863448275862069
295,10050,0.382476746252881,0.386497045666552,0.481395266325432,0.482494744208327,0.260412900401868,-0.126084145264684,"max_iter reached without violation",0,0.863448275862069
296,10050,0.389511423760599,0.394734638590872,0.483296201552616,0.484638701940966,0.257446338799434,-0.137288299791438,"max_iter reached without violation",0,0.863448275862069
297,90,0.87177896896625,0.0417124095892458,0.436173031697567,0.104822012578407,0.0540715031885915,0.0123590935993457,"violation",1,0.863448275862069
298,10050,0.38900907761372,0.380968799821962,0.483163998369665,0.480973823009461,0.257658180890109,-0.123310618931853,"max_iter reached without violation",0,0.863448275862069
299,10050,0.386597536598737,0.371514815522391,0.482521778422296,0.478218271845444,0.258675140796217,-0.112839674726174,"max_iter reached without violation",0,0.863448275862069
300,50,0.772137383051339,0.0275269587093167,0.493558507170123,0.0707106781186548,0.0960908995939774,0.0685639408846607,"violation at burn-in",1,0.863448275862069
301,160,0.80697994677785,0.0595273103614581,0.455478800275051,0.15612494995996,0.0813976017749884,0.0218702914135303,"violation",1,0.863448275862069
302,10050,0.39373034170719,0.376443860533039,0.484385110142078,0.479679407884224,0.255667198253126,-0.120776662279912,"max_iter reached without violation",0,0.863448275862069
303,50,0.861594493296846,0.0275269587093167,0.466476151587624,0.0707106781186548,0.0583663517340488,0.0308393930247322,"violation at burn-in",1,0.863448275862069
304,10050,0.398550242713082,0.385190590180756,0.485582548212389,0.482141292809508,0.253634619895991,-0.131555970284765,"max_iter reached without violation",0,0.863448275862069
305,480,0.731129961538333,0.0997270603193344,0.470662764089109,0.249443825784929,0.113383951328313,0.0136568910089782,"violation",1,0.863448275862069
306,10050,0.390917886399284,0.379762310935959,0.483663455677562,0.48063306519921,0.256853225887775,-0.122909085048184,"max_iter reached without violation",0,0.863448275862069
307,90,0.689834539323383,0.122426786343621,0.498020774022555,0.229061423645426,0.130798454518372,0.00837166817475049,"violation",1,0.863448275862069
308,50,0.861594493296846,0.0275269587093167,0.466476151587624,0.0707106781186548,0.0583663517340488,0.0308393930247322,"violation at burn-in",1,0.863448275862069
309,10050,0.388506711408133,0.370810504472414,0.483031246575917,0.478005113873156,0.25787003143965,-0.112940473032764,"max_iter reached without violation",0,0.863448275862069
310,10050,0.376946713313955,0.390415596329512,0.479825467638051,0.483532786217894,0.262744945240998,-0.127670651088514,"max_iter reached without violation",0,0.863448275862069
311,10050,0.406479037243619,0.37231969278976,0.487445046339747,0.478460523101468,0.250291004302799,-0.122028688486961,"max_iter reached without violation",0,0.863448275862069
312,10050,0.390315135914537,0.384286041077256,0.483506586657416,0.481894409826699,0.257107409031486,-0.127178632045771,"max_iter reached without violation",0,0.863448275862069
313,10050,0.39373034170719,0.380466110367507,0.484385110142078,0.480832230276251,0.255667198253126,-0.124798912114381,"max_iter reached without violation",0,0.863448275862069
314,50,0.878395081610861,0.0275269587093167,0.458257569495584,0.0707106781186548,0.0512814526557347,0.023754493946418,"violation at burn-in",1,0.863448275862069
315,80,0.763126767493411,0.0962393665961734,0.487179381747627,0.189983551919633,0.0998907249731967,0.00365135837702332,"violation",1,0.863448275862069
316,10050,0.385190590180756,0.379058471564973,0.482141292809508,0.480432807768297,0.259268457720224,-0.119790013844748,"max_iter reached without violation",0,0.863448275862069
317,50,0.9262591846095,0.0275269587093167,0.427083130081252,0.0707106781186548,0.0310969012054445,0.00356994249612788,"violation at burn-in",1,0.863448275862069
318,10050,0.379862856156005,0.375236930186944,0.48066158420013,0.47932657602722,0.261515192011664,-0.11372173817528,"max_iter reached without violation",0,0.863448275862069
319,10050,0.397546247293883,0.390214674698918,0.485337201544442,0.483480365199127,0.254058010201566,-0.136156664497352,"max_iter reached without violation",0,0.863448275862069
320,50,0.910755917550709,0.0275269587093167,0.438634243989226,0.0707106781186548,0.037634712884578,0.0101077541752614,"violation at burn-in",1,0.863448275862069
321,10050,0.377952357453442,0.383582457603223,0.480115907228816,0.481701151243105,0.262320859661148,-0.121261597942075,"max_iter reached without violation",0,0.863448275862069
322,170,0.710866827261238,0.117558191789263,0.488660339433885,0.246006160780312,0.121929024791233,0.00437083300197026,"violation",1,0.863448275862069
323,50,0.826859192020479,0.0275269587093167,0.48,0.0707106781186548,0.0730144163969151,0.0454874576875984,"violation at burn-in",1,0.863448275862069
324,10050,0.381169869909227,0.38147146894244,0.48103030435625,0.481114859603179,0.260964017233587,-0.120507451708853,"max_iter reached without violation",0,0.863448275862069
325,50,0.753238465893974,0.0745005976726398,0.496386945839634,0.14,0.10406067530937,0.0295600776367306,"violation at burn-in",1,0.863448275862069
326,10050,0.38770288371576,0.37755010961867,0.48281770146526,0.48,0.258209009930783,-0.119341099687887,"max_iter reached without violation",0,0.863448275862069
327,10050,0.395236757210694,0.38368297195601,0.484764682200532,0.481728826016569,0.255031934677063,-0.128651037278947,"max_iter reached without violation",0,0.863448275862069
328,90,0.794279587966123,0.0857374138515053,0.475186772896513,0.17950549357115,0.0867534118667336,0.00101599801522829,"violation",1,0.863448275862069
329,90,0.843429898606732,0.0417124095892458,0.453246178986025,0.104822012578407,0.0660264596881602,0.0243140500989144,"violation",1,0.863448275862069
330,170,0.798452700483978,0.0838650680721801,0.458257569495584,0.198698185341818,0.0849935877177911,0.00112851964561095,"violation",1,0.863448275862069
331,10050,0.387200465279896,0.374331654784024,0.482683521160051,0.47905982856897,0.258420882506114,-0.11591077227791,"max_iter reached without violation",0,0.863448275862069
332,10050,0.387401435067541,0.371917260771042,0.482737259286486,0.478339578394479,0.25833613245828,-0.113581128312761,"max_iter reached without violation",0,0.863448275862069
333,160,0.85120010349401,0.0370705000448629,0.42934361238989,0.111102430216445,0.0627497222063981,0.0256792221615352,"violation",1,0.863448275862069
334,10050,0.395839273339763,0.366080504629284,0.484915141532784,0.476545077106659,0.254777850362411,-0.111302654266873,"max_iter reached without violation",0,0.863448275862069
335,10050,0.388808133539455,0.383984510157686,0.483110963510745,0.481811717505362,0.257742920094472,-0.126241590063214,"max_iter reached without violation",0,0.863448275862069
336,10050,0.387401435067541,0.372420298728439,0.482737259286486,0.478490702772568,0.25833613245828,-0.114084166270159,"max_iter reached without violation",0,0.863448275862069
337,10050,0.3976466503961,0.37423106451445,0.485361833586284,0.479030077451914,0.254015669669612,-0.120215394844838,"max_iter reached without violation",0,0.863448275862069
338,10050,0.387803364990169,0.384185531579624,0.482844471536615,0.48186686784297,0.258166636433192,-0.126018895146432,"max_iter reached without violation",0,0.863448275862069
339,10050,0.394634212482266,0.39111879682723,0.484613440668501,0.483715570301039,0.255286031052219,-0.135832765775012,"max_iter reached without violation",0,0.863448275862069
340,50,0.894790769027509,0.0275269587093167,0.448998886412873,0.0707106781186548,0.0443673024786466,0.0168403437693299,"violation at burn-in",1,0.863448275862069
341,10050,0.380968799821962,0.381069335272202,0.480973823009461,0.481002074803682,0.261048809578314,-0.120020525693889,"max_iter reached without violation",0,0.863448275862069
342,10050,0.387300950576025,0.379159022493704,0.482710401226441,0.480461482903209,0.258378507312543,-0.120780515181161,"max_iter reached without violation",0,0.863448275862069
343,50,0.80895608070809,0.0275269587093167,0.485386443980464,0.0707106781186548,0.0805642553945345,0.0530372966852179,"violation at burn-in",1,0.863448275862069
344,10050,0.385291091597542,0.376041563549901,0.482168613780026,0.47956215643502,0.259226075728484,-0.116815487821417,"max_iter reached without violation",0,0.863448275862069
345,10050,0.386497045666552,0.378656259687489,0.482494744208327,0.480317883980539,0.258717518366544,-0.119938741320945,"max_iter reached without violation",0,0.863448275862069
346,10050,0.380968799821962,0.376946713313955,0.480973823009461,0.479825467638051,0.261048809578314,-0.115897903735641,"max_iter reached without violation",0,0.863448275862069
347,10050,0.389210018478593,0.374432244230451,0.483216945450883,0.479089557172754,0.257573443039165,-0.116858801191287,"max_iter reached without violation",0,0.863448275862069
348,50,0.80895608070809,0.0275269587093167,0.485386443980464,0.0707106781186548,0.0805642553945345,0.0530372966852179,"violation at burn-in",1,0.863448275862069
349,10050,0.390214674698918,0.375940987253087,0.483480365199127,0.479532787476512,0.257149774070176,-0.118791213182911,"max_iter reached without violation",0,0.863448275862069
350,10050,0.390415596329512,0.370307400295938,0.483532786217894,0.477852178386272,0.257065044330431,-0.113242355965507,"max_iter reached without violation",0,0.863448275862069
351,10050,0.368898598227229,0.400658375953278,0.477420940250061,0.486090743366773,0.266138878958935,-0.134519496994343,"max_iter reached without violation",0,0.863448275862069
352,10050,0.38900907761372,0.377248415150757,0.483163998369665,0.479912834589514,0.257658180890109,-0.119590234260647,"max_iter reached without violation",0,0.863448275862069
353,10050,0.385391592207001,0.38127040373318,0.482195912669933,0.481058511671082,0.259183694077198,-0.122086709655982,"max_iter reached without violation",0,0.863448275862069
354,10050,0.38147146894244,0.38147146894244,0.481114859603179,0.481114859603179,0.260836831287923,-0.120634637654517,"max_iter reached without violation",0,0.863448275862069
355,10050,0.38368297195601,0.380466110367507,0.481728826016569,0.480832230276251,0.259904228490349,-0.120561881877158,"max_iter reached without violation",0,0.863448275862069
356,10050,0.38287883445484,0.38488908108506,0.481506807555854,0.482059197376734,0.260243337629529,-0.124645743455532,"max_iter reached without violation",0,0.863448275862069
357,10050,0.395638437806133,0.373929288765314,0.484865075288093,0.478940688979139,0.2548625437946,-0.119066744970714,"max_iter reached without violation",0,0.863448275862069
358,10050,0.399453771006069,0.365879187184978,0.485801511765803,0.476481830481333,0.253253597121635,-0.112625590063342,"max_iter reached without violation",0,0.863448275862069
359,10050,0.387099979179022,0.386396553928677,0.482656619083639,0.482467687958491,0.258463258039052,-0.127933295889625,"max_iter reached without violation",0,0.863448275862069
360,10050,0.375035763631504,0.393027286516466,0.479267456251121,0.484206300242495,0.263550803071144,-0.129476483445322,"max_iter reached without violation",0,0.863448275862069
361,10050,0.392525080324562,0.38127040373318,0.484077924864024,0.481058511671082,0.256175463505468,-0.125094940227712,"max_iter reached without violation",0,0.863448275862069
362,60,0.848900834988849,0.0622317713624085,0.465176191231762,0.12801909579781,0.0637193361870833,0.00148756482467477,"violation",1,0.863448275862069
363,160,0.818181875412019,0.0697287809828362,0.449609205310567,0.173992636338438,0.0766736878041092,0.00694490682127305,"violation",1,0.863448275862069
364,160,0.80697994677785,0.0595273103614581,0.455478800275051,0.15612494995996,0.0813976017749884,0.0218702914135303,"violation",1,0.863448275862069
365,50,0.910755917550709,0.0275269587093167,0.438634243989226,0.0707106781186548,0.037634712884578,0.0101077541752614,"violation at burn-in",1,0.863448275862069
366,160,0.834805211874103,0.0595273103614581,0.439992897669951,0.15612494995996,0.0696635367916906,0.0101362264302325,"violation",1,0.863448275862069
367,10050,0.392625523158059,0.374432244230451,0.484103643566554,0.479089557172754,0.256133106218618,-0.118299138011833,"max_iter reached without violation",0,0.863448275862069
368,60,0.834450982045785,0.0622317713624085,0.471404520791032,0.12801909579781,0.0698129174286812,0.00758114606627266,"violation",1,0.863448275862069
369,10050,0.386899004562495,0.377147848690787,0.482602748886023,0.479883734671232,0.258548010123252,-0.118599838567535,"max_iter reached without violation",0,0.863448275862069
370,90,0.862432203126203,0.0153863678326736,0.442216638714053,0.052704627669473,0.0580130849622565,0.0426267171295829,"violation",1,0.863448275862069
371,10050,0.378153476463876,0.389410956135129,0.480173726636811,0.483269804783252,0.262236046685256,-0.127174909449873,"max_iter reached without violation",0,0.863448275862069
372,10050,0.39443335787942,0.38036557003496,0.484562852875836,0.480803844949667,0.255370732526,-0.12499483750896,"max_iter reached without violation",0,0.863448275862069
373,10050,0.38287883445484,0.385994578917547,0.481506807555854,0.482359242526277,0.260243337629529,-0.125751241288018,"max_iter reached without violation",0,0.863448275862069
374,10050,0.387300950576025,0.383381426468469,0.482710401226441,0.481645735257487,0.258378507312543,-0.125002919155927,"max_iter reached without violation",0,0.863448275862069
375,160,0.761288001011108,0.0981989126966761,0.474958879799083,0.217944947177034,0.10066614275692,0.00246723006024412,"violation",1,0.863448275862069
376,10050,0.391420156472425,0.38127040373318,0.483793578224258,0.481058511671082,0.256641415877807,-0.124628987855372,"max_iter reached without violation",0,0.863448275862069
377,50,0.790712364249548,0.0275269587093167,0.489897948556636,0.0707106781186548,0.0882577294268883,0.0607307707175716,"violation at burn-in",1,0.863448275862069
378,10050,0.39383077497682,0.380063944151408,0.484410567270395,0.480718555339079,0.255624844999411,-0.124439099151997,"max_iter reached without violation",0,0.863448275862069
379,10050,0.380868263558363,0.378555704676745,0.480945548969669,0.480289097201541,0.261091206265144,-0.117464498411601,"max_iter reached without violation",0,0.863448275862069
380,10050,0.393027286516466,0.386396553928677,0.484206300242495,0.482467687958491,0.255963680434564,-0.130432873494113,"max_iter reached without violation",0,0.863448275862069
381,10050,0.389310487707837,0.383984510157686,0.483243386083873,0.481811717505362,0.257531074621085,-0.126453435536601,"max_iter reached without violation",0,0.863448275862069
382,10050,0.392022854187348,0.373225116511825,0.483949003976187,0.478731327126384,0.256387254987418,-0.116837861524407,"max_iter reached without violation",0,0.863448275862069
383,50,0.826859192020479,0.0275269587093167,0.48,0.0707106781186548,0.0730144163969151,0.0454874576875984,"violation at burn-in",1,0.863448275862069
384,10050,0.387501918754579,0.378153476463876,0.482764095343859,0.480173726636811,0.258293757943271,-0.119859718520605,"max_iter reached without violation",0,0.863448275862069
385,180,0.820835574845543,0.0708625352432423,0.44510367775454,0.17950549357115,0.0755546083814552,0.00469207313821292,"violation",1,0.863448275862069
386,10050,0.397947854954248,0.385693089192783,0.485435599839,0.482277676893469,0.253888650076219,-0.131804439116564,"max_iter reached without violation",0,0.863448275862069
387,10050,0.389310487707837,0.371313587933695,0.483243386083873,0.478157482794132,0.257531074621085,-0.11378251331261,"max_iter reached without violation",0,0.863448275862069
388,160,0.795686562251593,0.079515200404443,0.460934851687307,0.189983551919633,0.0861600831908551,0.00664488278641204,"violation",1,0.863448275862069
389,50,0.910755917550709,0.0275269587093167,0.438634243989226,0.0707106781186548,0.037634712884578,0.0101077541752614,"violation at burn-in",1,0.863448275862069
390,10050,0.395538018848481,0.383783485499257,0.484840009596028,0.481756478648892,0.254904891012877,-0.12887859448638,"max_iter reached without violation",0,0.863448275862069
391,10050,0.390013749865227,0.379661764900823,0.483427856574858,0.48060452390537,0.257234505160684,-0.122427259740138,"max_iter reached without violation",0,0.863448275862069
392,90,0.814207428738858,0.0153863678326736,0.46732757432918,0.052704627669473,0.0783497334904381,0.0629633656577645,"violation",1,0.863448275862069
393,10050,0.397546247293883,0.382175171584048,0.485337201544442,0.481311377450518,0.254058010201566,-0.128117161382481,"max_iter reached without violation",0,0.863448275862069
394,10050,0.384085021273147,0.38488908108506,0.481839303737123,0.482059197376734,0.25973468211595,-0.125154398969111,"max_iter reached without violation",0,0.863448275862069
395,10050,0.38127040373318,0.373728100814007,0.481058511671082,0.478880984020574,0.260921621575569,-0.112806479238438,"max_iter reached without violation",0,0.863448275862069
396,10050,0.387903845460637,0.38147146894244,0.482871219619951,0.481114859603179,0.258124263274627,-0.123347205667812,"max_iter reached without violation",0,0.863448275862069
397,10050,0.390013749865227,0.370911122821251,0.483427856574858,0.478035632965259,0.257234505160684,-0.113676617660567,"max_iter reached without violation",0,0.863448275862069
398,10050,0.387200465279896,0.382677791975745,0.482683521160051,0.481451081299609,0.258420882506114,-0.124256909469631,"max_iter reached without violation",0,0.863448275862069
399,90,0.732531618198095,0.104606694841303,0.492035329455212,0.206080411011016,0.112792865123993,0.00818617028269036,"violation",1,0.863448275862069
400,10050,0.388004325127296,0.381069335272202,0.482897945718922,0.481002074803682,0.258081890455033,-0.122987444817169,"max_iter reached without violation",0,0.863448275862069
