mechanism,eps_claim,tau_mmd,mmd_hat,delta_mmd
NonDPGaussian1,0.01,0.007085080312424393,0.285831774445323,0.2787466941328986
NonDPGaussian1,0.04784810126582279,0.03384106718814783,0.285831774445323,0.25199070725717515
NonDPGaussian1,0.08569620253164557,0.06057284552478875,0.285831774445323,0.22525892892053423
NonDPGaussian1,0.12354430379746836,0.0872613391755077,0.285831774445323,0.19857043526981527
NonDPGaussian1,0.16139240506329117,0.11388759556565457,0.285831774445323,0.1719441788796684
NonDPGaussian1,0.19924050632911394,0.1404328392733871,0.285831774445323,0.1453989351719359
NonDPGaussian1,0.23708860759493675,0.16687852454179727,0.285831774445323,0.11895324990352571
NonDPGaussian1,0.27493670886075955,0.1932063864134165,0.285831774445323,0.09262538803190648
NonDPGaussian1,0.3127848101265823,0.21939849019206362,0.285831774445323,0.06643328425325937
NonDPGaussian1,0.3506329113924051,0.24543727895400955,0.285831774445323,0.04039449549131344
NonDPGaussian1,0.3884810126582279,0.2713056188500135,0.285831774445323,0.014526155595309509
NonDPGaussian1,0.4263291139240507,0.29698684196170444,0.285831774445323,-0.011155067516381456
NonDPGaussian1,0.4641772151898735,0.3224647864996632,0.285831774445323,-0.03663301205434022
NonDPGaussian1,0.5020253164556963,0.3477238341560975,0.285831774445323,-0.061892059710774494
NonDPGaussian1,0.5398734177215191,0.37274894445178053,0.285831774445323,-0.08691717000645754
NonDPGaussian1,0.5777215189873418,0.3975256859446177,0.285831774445323,-0.1116939114992947
NonDPGaussian1,0.6155696202531646,0.42204026419539764,0.285831774445323,-0.13620848975007466
NonDPGaussian1,0.6534177215189875,0.4462795464146223,0.285831774445323,-0.16044777196929932
NonDPGaussian1,0.6912658227848102,0.4702310827424519,0.285831774445323,-0.18439930829712892
NonDPGaussian1,0.729113924050633,0.49388312414135993,0.285831774445323,-0.20805134969603695
NonDPGaussian1,0.7669620253164557,0.5172246369078044,0.285831774445323,-0.23139286246248142
NonDPGaussian1,0.8048101265822786,0.5402453138347661,0.285831774445323,-0.25441353938944317
NonDPGaussian1,0.8426582278481014,0.5629355820811245,0.285831774445323,-0.2771038076358015
NonDPGaussian1,0.8805063291139241,0.5852866078263372,0.285831774445323,-0.29945483338101425
NonDPGaussian1,0.918354430379747,0.6072902978095472,0.285831774445323,-0.32145852336422426
NonDPGaussian1,0.9562025316455698,0.6289392978709251,0.285831774445323,-0.3431075234256021
NonDPGaussian1,0.9940506329113925,0.6502269886296689,0.285831774445323,-0.3643952141843459
NonDPGaussian1,1.0318987341772152,0.6711474784475147,0.285831774445323,-0.3853157040021917
NonDPGaussian1,1.0697468354430382,0.6916955938388611,0.285831774445323,-0.40586381939353816
NonDPGaussian1,1.1075949367088609,0.7118668674986589,0.285831774445323,-0.4260350930533359
NonDPGaussian1,1.1454430379746836,0.7316575241270751,0.285831774445323,-0.4458257496817521
NonDPGaussian1,1.1832911392405066,0.7510644642356991,0.285831774445323,-0.4652326897903761
NonDPGaussian1,1.2211392405063293,0.7700852461237544,0.285831774445323,-0.4842534716784314
NonDPGaussian1,1.258987341772152,0.7887180662145619,0.285831774445323,-0.5028862917692389
NonDPGaussian1,1.296835443037975,0.8069617379424453,0.285831774445323,-0.5211299634971223
NonDPGaussian1,1.3346835443037977,0.8248156693785468,0.285831774445323,-0.5389838949332237
NonDPGaussian1,1.3725316455696204,0.8422798397807635,0.285831774445323,-0.5564480653354404
NonDPGaussian1,1.4103797468354433,0.8593547752483692,0.285831774445323,-0.5735230008030463
NonDPGaussian1,1.448227848101266,0.8760415236560354,0.285831774445323,-0.5902097492107123
NonDPGaussian1,1.4860759493670888,0.8923416290350463,0.285831774445323,-0.6065098545897234
NonDPGaussian1,1.5239240506329115,0.9082571055616936,0.285831774445323,-0.6224253311163706
NonDPGaussian1,1.5617721518987344,0.9237904113042837,0.285831774445323,-0.6379586368589607
NonDPGaussian1,1.5996202531645571,0.9389444218710561,0.285831774445323,-0.6531126474257332
NonDPGaussian1,1.6374683544303799,0.9537224040917288,0.285831774445323,-0.6678906296464058
NonDPGaussian1,1.6753164556962028,0.9681279898555079,0.285831774445323,-0.6822962154101848
NonDPGaussian1,1.7131645569620255,0.9821651502183274,0.285831774445323,-0.6963333757730044
NonDPGaussian1,1.7510126582278482,0.9958381698819773,0.285831774445323,-0.7100063954366542
NonDPGaussian1,1.7888607594936712,1.0091516221376777,0.285831774445323,-0.7233198476923548
NonDPGaussian1,1.826708860759494,1.0221103443567348,0.285831774445323,-0.7362785699114118
NonDPGaussian1,1.8645569620253166,1.0347194141011844,0.285831774445323,-0.7488876396558615
NonDPGaussian1,1.9024050632911396,1.046984125917904,0.285831774445323,-0.7611523514725811
NonDPGaussian1,1.9402531645569623,1.058909968870599,0.285831774445323,-0.773078194425276
NonDPGaussian1,1.978101265822785,1.070502604855407,0.285831774445323,-0.784670830410084
NonDPGaussian1,2.0159493670886075,1.0817678477376265,0.285831774445323,-0.7959360732923035
NonDPGaussian1,2.0537974683544302,1.092711643339334,0.285831774445323,-0.8068798688940111
NonDPGaussian1,2.0916455696202534,1.103340050300399,0.285831774445323,-0.817508275855076
NonDPGaussian1,2.129493670886076,1.1136592218286547,0.285831774445323,-0.8278274473833318
NonDPGaussian1,2.167341772151899,1.1236753883487716,0.285831774445323,-0.8378436139034486
NonDPGaussian1,2.2051898734177215,1.1333948410536612,0.285831774445323,-0.8475630666083382
NonDPGaussian1,2.2430379746835443,1.1428239163570555,0.285831774445323,-0.8569921419117326
NonDPGaussian1,2.280886075949367,1.1519689812412193,0.285831774445323,-0.8661372067958963
NonDPGaussian1,2.31873417721519,1.160836419489548,0.285831774445323,-0.875004645044225
NonDPGaussian1,2.356582278481013,1.1694326187901003,0.285831774445323,-0.8836008443447774
NonDPGaussian1,2.3944303797468356,1.1777639586928248,0.285831774445323,-0.8919321842475019
NonDPGaussian1,2.4322784810126583,1.1858367994004206,0.285831774445323,-0.9000050249550977
NonDPGaussian1,2.470126582278481,1.1936574713703374,0.285831774445323,-0.9078256969250145
NonDPGaussian1,2.5079746835443038,1.201232265703369,0.285831774445323,-0.915400491258046
NonDPGaussian1,2.5458227848101265,1.2085674252926217,0.285831774445323,-0.9227356508472988
NonDPGaussian1,2.5836708860759496,1.215669136705268,0.285831774445323,-0.9298373622599452
NonDPGaussian1,2.6215189873417724,1.2225435227684476,0.285831774445323,-0.9367117483231246
NonDPGaussian1,2.659367088607595,1.229196635829918,0.285831774445323,-0.9433648613845951
NonDPGaussian1,2.697215189873418,1.2356344516635223,0.285831774445323,-0.9498026772181993
NonDPGaussian1,2.7350632911392405,1.2418628639892706,0.285831774445323,-0.9560310895439477
NonDPGaussian1,2.7729113924050632,1.2478876795777403,0.285831774445323,-0.9620559051324173
NonDPGaussian1,2.8107594936708864,1.2537146139086106,0.285831774445323,-0.9678828394632877
NonDPGaussian1,2.848607594936709,1.259349287353413,0.285831774445323,-0.97351751290809
NonDPGaussian1,2.886455696202532,1.2647972218529846,0.285831774445323,-0.9789654474076617
NonDPGaussian1,2.9243037974683546,1.2700638380606477,0.285831774445323,-0.9842320636153248
NonDPGaussian1,2.9621518987341773,1.2751544529227785,0.285831774445323,-0.9893226784774556
NonDPGaussian1,3.0,1.2800742776691536,0.285831774445323,-0.9942425032238307
NonDPLaplace1,0.01,0.007085080312424393,0.2185524242527166,0.2114673439402922
NonDPLaplace1,0.04784810126582279,0.03384106718814783,0.2185524242527166,0.18471135706456876
NonDPLaplace1,0.08569620253164557,0.06057284552478875,0.2185524242527166,0.15797957872792784
NonDPLaplace1,0.12354430379746836,0.0872613391755077,0.2185524242527166,0.13129108507720888
NonDPLaplace1,0.16139240506329117,0.11388759556565457,0.2185524242527166,0.10466482868706202
NonDPLaplace1,0.19924050632911394,0.1404328392733871,0.2185524242527166,0.0781195849793295
NonDPLaplace1,0.23708860759493675,0.16687852454179727,0.2185524242527166,0.05167389971091932
NonDPLaplace1,0.27493670886075955,0.1932063864134165,0.2185524242527166,0.02534603783930009
NonDPLaplace1,0.3127848101265823,0.21939849019206362,0.2185524242527166,-0.0008460659393470238
NonDPLaplace1,0.3506329113924051,0.24543727895400955,0.2185524242527166,-0.026884854701292954
NonDPLaplace1,0.3884810126582279,0.2713056188500135,0.2185524242527166,-0.05275319459729688
NonDPLaplace1,0.4263291139240507,0.29698684196170444,0.2185524242527166,-0.07843441770898785
NonDPLaplace1,0.4641772151898735,0.3224647864996632,0.2185524242527166,-0.10391236224694661
NonDPLaplace1,0.5020253164556963,0.3477238341560975,0.2185524242527166,-0.12917140990338088
NonDPLaplace1,0.5398734177215191,0.37274894445178053,0.2185524242527166,-0.15419652019906394
NonDPLaplace1,0.5777215189873418,0.3975256859446177,0.2185524242527166,-0.1789732616919011
NonDPLaplace1,0.6155696202531646,0.42204026419539764,0.2185524242527166,-0.20348783994268105
NonDPLaplace1,0.6534177215189875,0.4462795464146223,0.2185524242527166,-0.22772712216190572
NonDPLaplace1,0.6912658227848102,0.4702310827424519,0.2185524242527166,-0.2516786584897353
NonDPLaplace1,0.729113924050633,0.49388312414135993,0.2185524242527166,-0.27533069988864334
NonDPLaplace1,0.7669620253164557,0.5172246369078044,0.2185524242527166,-0.2986722126550878
NonDPLaplace1,0.8048101265822786,0.5402453138347661,0.2185524242527166,-0.32169288958204956
NonDPLaplace1,0.8426582278481014,0.5629355820811245,0.2185524242527166,-0.3443831578284079
NonDPLaplace1,0.8805063291139241,0.5852866078263372,0.2185524242527166,-0.36673418357362064
NonDPLaplace1,0.918354430379747,0.6072902978095472,0.2185524242527166,-0.38873787355683065
NonDPLaplace1,0.9562025316455698,0.6289392978709251,0.2185524242527166,-0.41038687361820847
NonDPLaplace1,0.9940506329113925,0.6502269886296689,0.2185524242527166,-0.4316745643769523
NonDPLaplace1,1.0318987341772152,0.6711474784475147,0.2185524242527166,-0.45259505419479806
NonDPLaplace1,1.0697468354430382,0.6916955938388611,0.2185524242527166,-0.47314316958614455
NonDPLaplace1,1.1075949367088609,0.7118668674986589,0.2185524242527166,-0.4933144432459423
NonDPLaplace1,1.1454430379746836,0.7316575241270751,0.2185524242527166,-0.5131050998743585
NonDPLaplace1,1.1832911392405066,0.7510644642356991,0.2185524242527166,-0.5325120399829825
NonDPLaplace1,1.2211392405063293,0.7700852461237544,0.2185524242527166,-0.5515328218710378
NonDPLaplace1,1.258987341772152,0.7887180662145619,0.2185524242527166,-0.5701656419618453
NonDPLaplace1,1.296835443037975,0.8069617379424453,0.2185524242527166,-0.5884093136897287
NonDPLaplace1,1.3346835443037977,0.8248156693785468,0.2185524242527166,-0.6062632451258302
NonDPLaplace1,1.3725316455696204,0.8422798397807635,0.2185524242527166,-0.6237274155280469
NonDPLaplace1,1.4103797468354433,0.8593547752483692,0.2185524242527166,-0.6408023509956526
NonDPLaplace1,1.448227848101266,0.8760415236560354,0.2185524242527166,-0.6574890994033188
NonDPLaplace1,1.4860759493670888,0.8923416290350463,0.2185524242527166,-0.6737892047823297
NonDPLaplace1,1.5239240506329115,0.9082571055616936,0.2185524242527166,-0.689704681308977
NonDPLaplace1,1.5617721518987344,0.9237904113042837,0.2185524242527166,-0.7052379870515672
NonDPLaplace1,1.5996202531645571,0.9389444218710561,0.2185524242527166,-0.7203919976183395
NonDPLaplace1,1.6374683544303799,0.9537224040917288,0.2185524242527166,-0.7351699798390122
NonDPLaplace1,1.6753164556962028,0.9681279898555079,0.2185524242527166,-0.7495755656027913
NonDPLaplace1,1.7131645569620255,0.9821651502183274,0.2185524242527166,-0.7636127259656108
NonDPLaplace1,1.7510126582278482,0.9958381698819773,0.2185524242527166,-0.7772857456292607
NonDPLaplace1,1.7888607594936712,1.0091516221376777,0.2185524242527166,-0.7905991978849611
NonDPLaplace1,1.826708860759494,1.0221103443567348,0.2185524242527166,-0.8035579201040182
NonDPLaplace1,1.8645569620253166,1.0347194141011844,0.2185524242527166,-0.8161669898484678
NonDPLaplace1,1.9024050632911396,1.046984125917904,0.2185524242527166,-0.8284317016651874
NonDPLaplace1,1.9402531645569623,1.058909968870599,0.2185524242527166,-0.8403575446178824
NonDPLaplace1,1.978101265822785,1.070502604855407,0.2185524242527166,-0.8519501806026903
NonDPLaplace1,2.0159493670886075,1.0817678477376265,0.2185524242527166,-0.8632154234849099
NonDPLaplace1,2.0537974683544302,1.092711643339334,0.2185524242527166,-0.8741592190866174
NonDPLaplace1,2.0916455696202534,1.103340050300399,0.2185524242527166,-0.8847876260476824
NonDPLaplace1,2.129493670886076,1.1136592218286547,0.2185524242527166,-0.8951067975759381
NonDPLaplace1,2.167341772151899,1.1236753883487716,0.2185524242527166,-0.905122964096055
NonDPLaplace1,2.2051898734177215,1.1333948410536612,0.2185524242527166,-0.9148424168009446
NonDPLaplace1,2.2430379746835443,1.1428239163570555,0.2185524242527166,-0.9242714921043389
NonDPLaplace1,2.280886075949367,1.1519689812412193,0.2185524242527166,-0.9334165569885027
NonDPLaplace1,2.31873417721519,1.160836419489548,0.2185524242527166,-0.9422839952368314
NonDPLaplace1,2.356582278481013,1.1694326187901003,0.2185524242527166,-0.9508801945373837
NonDPLaplace1,2.3944303797468356,1.1777639586928248,0.2185524242527166,-0.9592115344401082
NonDPLaplace1,2.4322784810126583,1.1858367994004206,0.2185524242527166,-0.967284375147704
NonDPLaplace1,2.470126582278481,1.1936574713703374,0.2185524242527166,-0.9751050471176208
NonDPLaplace1,2.5079746835443038,1.201232265703369,0.2185524242527166,-0.9826798414506523
NonDPLaplace1,2.5458227848101265,1.2085674252926217,0.2185524242527166,-0.9900150010399051
NonDPLaplace1,2.5836708860759496,1.215669136705268,0.2185524242527166,-0.9971167124525515
NonDPLaplace1,2.6215189873417724,1.2225435227684476,0.2185524242527166,-1.003991098515731
NonDPLaplace1,2.659367088607595,1.229196635829918,0.2185524242527166,-1.0106442115772014
NonDPLaplace1,2.697215189873418,1.2356344516635223,0.2185524242527166,-1.0170820274108057
NonDPLaplace1,2.7350632911392405,1.2418628639892706,0.2185524242527166,-1.023310439736554
NonDPLaplace1,2.7729113924050632,1.2478876795777403,0.2185524242527166,-1.0293352553250237
NonDPLaplace1,2.8107594936708864,1.2537146139086106,0.2185524242527166,-1.035162189655894
NonDPLaplace1,2.848607594936709,1.259349287353413,0.2185524242527166,-1.0407968631006963
NonDPLaplace1,2.886455696202532,1.2647972218529846,0.2185524242527166,-1.046244797600268
NonDPLaplace1,2.9243037974683546,1.2700638380606477,0.2185524242527166,-1.0515114138079311
NonDPLaplace1,2.9621518987341773,1.2751544529227785,0.2185524242527166,-1.056602028670062
NonDPLaplace1,3.0,1.2800742776691536,0.2185524242527166,-1.061521853416437
