mechanism,epsilon,delta,runs,bandwidth_mean,bandwidth_sd,bandwidth_q05,bandwidth_q10,bandwidth_q90,bandwidth_q95,mmd_hat_mean,mmd_hat_sd,mmd_hat_q05,mmd_hat_q10,mmd_hat_q90,mmd_hat_q95,eps_star_mean,eps_star_sd,eps_star_q05,eps_star_q10,eps_star_q90,eps_star_q95,tau_mmd_at_claim_mean,tau_mmd_at_claim_sd,tau_mmd_at_claim_q05,tau_mmd_at_claim_q10,tau_mmd_at_claim_q90,tau_mmd_at_claim_q95,margin_at_claim_mean,margin_at_claim_sd,margin_at_claim_q05,margin_at_claim_q10,margin_at_claim_q90,margin_at_claim_q95,positive_margin_rate,claimed_eps_above_eps_star_rate
NonDPGaussian1,0.01,1e-05,400,141.4492544418816,18.037183323574045,111.38543404263676,118.14451602506237,163.6416897182127,170.32216505768633,0.29029104895260555,0.013085257084124434,0.26819646826292776,0.27399036223378387,0.30630606398583504,0.3094116019130184,0.4164710870405963,0.019307603256264672,0.38391796561419506,0.39242441286564556,0.4401368144110534,0.4447472194372524,0.007085080312424301,1.736895954568825e-18,0.0070850803124243,0.0070850803124243,0.0070850803124243,0.0070850803124243,0.28320596864018116,0.013085257084124434,0.26111138795050337,0.2669052819213595,0.2992209836734106,0.30232652160059403,1.0,0.0
NonDPGaussian1,0.0441379310344827,1e-05,400,32.35560051444566,4.561416108481247,25.251283893417305,26.48449395512208,37.65437486538425,39.141198434398085,0.28954386965093337,0.014056390003485044,0.26691029515134634,0.273154786075364,0.3061125556102163,0.31032088741867614,0.4153735355541172,0.020724676013315874,0.3820315101111431,0.39119678538698915,0.43984968977155403,0.4460980010074899,0.031218994543972308,6.9475838182753e-18,0.0312189945439723,0.0312189945439723,0.0312189945439723,0.0312189945439723,0.25832487510696095,0.01405639000348504,0.23569130060737398,0.2419357915313917,0.2748935610662439,0.2791018928747037,1.0,0.0
NonDPGaussian1,0.0782758620689655,1e-05,400,18.329024240240415,2.447526398377298,14.395004350568849,15.309462514904075,21.377786059774067,22.50513258682343,0.2891499263372053,0.014023612799324186,0.2644785994425954,0.2718793083218561,0.30563974349649115,0.3106625859498102,0.4147918584219393,0.020676751183125272,0.37846671767080114,0.3893234195776552,0.43914821276504107,0.4466057110928254,0.055334738113843186,1.38951676365506e-17,0.0553347381138432,0.0553347381138432,0.0553347381138432,0.0553347381138432,0.233815188223362,0.014023612799324186,0.20914386132875212,0.21654457020801282,0.2503050053826478,0.25532784783596696,1.0,0.0
NonDPGaussian1,0.1124137931034482,1e-05,400,12.750066768715369,1.7214715174727362,10.225856507898126,10.74600778179738,14.963549120106332,15.800873242661744,0.29002465341730604,0.014506469871583624,0.2619495463620429,0.27049631805777014,0.3077136336064424,0.31062681089407823,0.41608614452822446,0.021388881476039498,0.3747617265043737,0.38729288416637164,0.44222588482175224,0.44655255571190894,0.07941830198155941,1.38951676365506e-17,0.0794183019815594,0.0794183019815594,0.0794183019815594,0.0794183019815594,0.21060635143574657,0.014506469871583622,0.18253124438048335,0.1910780160762106,0.228295331624883,0.23120850891251868,1.0,0.0
NonDPGaussian1,0.146551724137931,1e-05,400,9.788950619105798,1.3243360139018205,7.683746170769455,8.055965191509028,11.554491668604363,12.026801038987704,0.2901550408592607,0.0143031603961569,0.264972366530983,0.2695537812666366,0.3067712543407878,0.31028109915329977,0.4162774122077564,0.021091472807019326,0.37919037106339787,0.3859094994340652,0.440827130289526,0.44603888474833026,0.10345575189177537,2.77903352731012e-17,0.1034557518917754,0.1034557518917754,0.1034557518917754,0.1034557518917754,0.18669928896748517,0.0143031603961569,0.1615166146392075,0.16609802937486107,0.20331550244901225,0.20682534726152424,1.0,0.0
NonDPGaussian1,0.1806896551724138,1e-05,400,7.893317655783519,1.0566625423649236,6.177624801897252,6.574788867174444,9.226370295215595,9.783316004885313,0.2911677048041275,0.014042543431289712,0.2666324588170753,0.2730107219050652,0.3075946521428917,0.3115162645133543,0.4177712857721953,0.020714911060226496,0.3816240873685758,0.3909851500205397,0.442049259287007,0.4478743918753006,0.12743326049611237,2.77903352731012e-17,0.1274332604961124,0.1274332604961124,0.1274332604961124,0.1274332604961124,0.1637344443080151,0.014042543431289713,0.13919919832096292,0.1455774614089528,0.1801613916467793,0.18408300401724184,1.0,0.0
NonDPGaussian1,0.2148275862068965,1e-05,400,6.680833813099772,0.9040568934543214,5.206395289235757,5.503364898487574,7.9210748972432,8.199534251789899,0.2911178839610078,0.013836436021243816,0.26494471002643966,0.2718696503999683,0.3066395554272292,0.3103031762330152,0.4176964577410628,0.02041180701129647,0.37914983618573994,0.3893092241586789,0.4406316870595569,0.4460716909762602,0.15133713894955927,2.77903352731012e-17,0.1513371389495593,0.1513371389495593,0.1513371389495593,0.1513371389495593,0.13978074501144847,0.013836436021243816,0.11360757107688041,0.120532511450409,0.1553024164776698,0.1589660372834559,1.0,0.0
NonDPGaussian1,0.2489655172413793,1e-05,400,5.721008892786692,0.7390263886221636,4.457828713602163,4.807334041480151,6.702603125324254,6.996861382271176,0.2917467952063596,0.01306235889548,0.2681444709689663,0.27417211150186205,0.30731438059530375,0.3095933257641374,0.4186208469110913,0.01927568072506616,0.3838416841091899,0.3926914804587694,0.44163322938964206,0.44501714548995613,0.17515386782919598,2.77903352731012e-17,0.175153867829196,0.175153867829196,0.175153867829196,0.175153867829196,0.11659292737716356,0.01306235889548,0.09299060313977023,0.09901824367266607,0.13216051276610766,0.1344394579349413,1.0,0.0
NonDPGaussian1,0.2831034482758621,1e-05,400,4.997680980976115,0.6621980426506837,3.9702929808411276,4.183455643002193,5.813426608818149,6.1590381063801996,0.29323698566843565,0.01302282836163019,0.2712693376347279,0.2765694591571011,0.3092383966432646,0.3131140602546442,0.42082263431825384,0.019234418583743754,0.3884277426709528,0.39621547260267764,0.4444899623309137,0.4502498852624227,0.1988701272286702,0.0,0.1988701272286702,0.1988701272286702,0.1988701272286702,0.1988701272286702,0.09436685843976543,0.01302282836163019,0.07239921040605768,0.0776993319284309,0.11036826941459439,0.114243933025974,1.0,0.0
NonDPGaussian1,0.3172413793103448,1e-05,400,4.481993625031967,0.5925758746374041,3.5855894642570596,3.786284210296331,5.300875056492163,5.53780839214197,0.2933370862644111,0.013300079663450808,0.2677560715344592,0.2745509261745655,0.3085951948079531,0.3112891241266242,0.4209720446803091,0.019634889749936563,0.38327194625052646,0.3932481558583364,0.4435347525799351,0.4475367963237362,0.22247282588870604,2.77903352731012e-17,0.222472825888706,0.222472825888706,0.222472825888706,0.222472825888706,0.07086426037570502,0.013300079663450806,0.04528324564575319,0.05207810028585946,0.086122368919247,0.08881629823791815,1.0,0.0
NonDPGaussian1,0.3513793103448276,1e-05,400,4.039286805180892,0.5526981427716421,3.181805174803646,3.378410996218098,4.763693262703078,4.970745284595008,0.2939526041158034,0.01369070858373964,0.26943846944111216,0.27611577118017727,0.3104228040348823,0.31361676489793705,0.4218842119235602,0.020215909051277344,0.38574027171978825,0.395548394261393,0.4462494269336162,0.4509975297065037,0.24594912923185455,5.55806705462024e-17,0.2459491292318546,0.2459491292318546,0.2459491292318546,0.2459491292318546,0.04800347488394869,0.01369070858373964,0.023489340209257432,0.030166641948322564,0.0644736748030276,0.06766763566608236,0.9975,0.0025
NonDPGaussian1,0.3855172413793103,1e-05,400,3.694758903343744,0.5160297100236336,2.8762027138110673,3.078012104296067,4.302982929182317,4.581237546205114,0.29426386859148507,0.01430280699366138,0.2696577561997754,0.27584892205441425,0.310383165472017,0.3135827907346243,0.4223478899518899,0.02110580835417054,0.38606208236544426,0.39515606407402293,0.4461905420011714,0.45094699812749217,0.2692864861786202,5.55806705462024e-17,0.2692864861786203,0.2692864861786203,0.2692864861786203,0.2692864861786203,0.024977382412864714,0.014302806993661368,0.00037127002115498563,0.006562435875793843,0.04109667929339666,0.04429630455600401,0.9525,0.0475
NonDPGaussian1,0.4196551724137931,1e-05,400,3.3568010868747673,0.4474126432766022,2.6170252593627343,2.7782296824210366,3.931808313193286,4.0722425460516085,0.2966055941806402,0.012955061383143653,0.2748055425892474,0.2793893846161288,0.31171764259763496,0.31520897669352665,0.42580316164064724,0.0191451346548175,0.39362236005242385,0.4003637542056051,0.44817372175971465,0.4533663586068456,0.2924726546319087,0.0,0.2924726546319087,0.2924726546319087,0.2924726546319087,0.2924726546319087,0.0041329395487314825,0.012955061383143613,-0.017667112042661193,-0.013083270015779906,0.019244987965726247,0.022736322061617888,0.635,0.365
NonDPGaussian1,0.4537931034482759,1e-05,400,3.1468256433774915,0.42564611178483197,2.434496136389138,2.6070116869202065,3.711524245344813,3.847345207559456,0.29564862485548526,0.013667273271779187,0.2715523356850296,0.2784720531044327,0.31181250449042425,0.3160587103938479,0.42439188797924543,0.020192892413674952,0.38884328570995474,0.3990139309476377,0.44831472705814174,0.4546310684349075,0.31549572552730704,5.55806705462024e-17,0.3154957255273071,0.3154957255273071,0.3154957255273071,0.3154957255273071,-0.019847100671821768,0.013667273271779174,-0.0439433898422774,-0.037023672422874306,-0.0036832210368827395,0.0005629848665407949,0.0525,0.9475
NonDPGaussian1,0.4879310344827586,1e-05,400,2.959314272306,0.4091769792120957,2.3314845952748944,2.4642148606457224,3.4728028422127175,3.6600464911227286,0.29700270608618395,0.014037688878782236,0.27117297691672887,0.2781597627737236,0.3138795306112901,0.3175121219093063,0.42639727424728524,0.020744141179855936,0.38828626344178935,0.39855448818066297,0.4513883757761157,0.4567950993538694,0.33834414535791096,5.55806705462024e-17,0.338344145357911,0.338344145357911,0.338344145357911,0.338344145357911,-0.04134143927172701,0.014037688878782236,-0.06717116844118204,-0.060184382584187276,-0.02446461474662092,-0.02083202344860474,0.0,1.0
NonDPGaussian1,0.5220689655172415,1e-05,400,2.7564405426016014,0.3989022671134547,2.1582571160975617,2.2585225885381006,3.291713797196807,3.471757822237007,0.2976655417429135,0.014319822110288767,0.2721017648815996,0.27699100272730814,0.31363395780514025,0.31753766419169016,0.4273799129409076,0.02116283463443043,0.389650143115137,0.3968353732019834,0.45102310186200145,0.4568331394547625,0.36100673709412534,5.55806705462024e-17,0.3610067370941254,0.3610067370941254,0.3610067370941254,0.3610067370941254,-0.06334119535121181,0.014319822110288767,-0.08890497221252576,-0.0840157343668172,-0.04737277928898503,-0.043469072902435145,0.0,1.0
NonDPGaussian1,0.5562068965517242,1e-05,400,2.5513633088800436,0.3469986653638122,1.994510128470486,2.105958393723386,2.9876895256314366,3.1165426178527595,0.2997279181229268,0.013232782065870929,0.2767547222899596,0.282203022879007,0.3154407399114678,0.31821466252654024,0.430426356670165,0.019572795361973566,0.396487900920638,0.40450617233173486,0.4537112696329554,0.4578415116774775,0.38347271943093925,5.55806705462024e-17,0.3834727194309393,0.3834727194309393,0.3834727194309393,0.3834727194309393,-0.08374480130801244,0.013232782065870927,-0.10671799714097958,-0.1012696965519322,-0.06803197951947149,-0.06525805690439895,0.0,1.0
NonDPGaussian1,0.5903448275862069,1e-05,400,2.4515766167452573,0.3399005054369051,1.9263192817881591,2.0366028322861416,2.890134482886362,3.027720579949623,0.2992193820089244,0.014514352323165131,0.2752494155340565,0.2791483159871921,0.3165980295818715,0.31961157046945676,0.42968146218922426,0.021464538732828265,0.3942747659927715,0.40000899204223833,0.4554339556605577,0.45992289465135094,0.4057317243075045,0.0,0.4057317243075045,0.4057317243075045,0.4057317243075045,0.4057317243075045,-0.10651234229858005,0.01451435232316513,-0.1304823087734479,-0.12658340832031229,-0.08913369472563293,-0.08612015383804769,0.0,1.0
NonDPGaussian1,0.6244827586206897,1e-05,400,2.278871632796813,0.31662337823364256,1.7971314730908001,1.878695517623708,2.664506660457959,2.803823567920277,0.30282218069524075,0.01318910978307313,0.2797279964461592,0.28516473256327607,0.318175790403631,0.32203893074825096,0.43501056274068955,0.019524547774757758,0.4008621060685262,0.40887029676823405,0.4577836062811631,0.46354197689806004,0.42777381265625264,5.55806705462024e-17,0.4277738126562527,0.4277738126562527,0.4277738126562527,0.4277738126562527,-0.12495163196101196,0.013189109783073132,-0.14804581621009347,-0.14260908009297657,-0.10959802225262169,-0.10573488190800176,0.0,1.0
NonDPGaussian1,0.6586206896551725,1e-05,400,2.159192964148587,0.2944794805193985,1.7159801815448934,1.78703612861195,2.56494594152335,2.6982469658568324,0.30418120920093294,0.01355566545106386,0.27786945923862455,0.28701986014601605,0.3199461282135049,0.32219470474474304,0.43702775684057854,0.020071805783212018,0.3981274292155275,0.411605810320566,0.46042153045125533,0.4637743307867778,0.4495894883511953,5.55806705462024e-17,0.4495894883511952,0.4495894883511952,0.4495894883511952,0.4495894883511952,-0.1454082791502622,0.013555665451063854,-0.17172002911257053,-0.16256962820517912,-0.12964336013769032,-0.12739478360645215,0.0,1.0
NonDPGaussian1,0.6927586206896552,1e-05,400,2.0877780277403475,0.29957751267506033,1.6443651159141595,1.711371834278236,2.4695202582547737,2.5811550792973006,0.30369361718730614,0.013733196767266063,0.27896348187424586,0.2846483011934301,0.3192297596638846,0.32365537763533286,0.4363059384464454,0.020336789924645753,0.3997370056722793,0.4081090536095589,0.45935390250946173,0.4659536788455989,0.4711697103372856,0.0,0.4711697103372856,0.4711697103372856,0.4711697103372856,0.4711697103372856,-0.16747609314997944,0.013733196767266063,-0.19220622846303972,-0.18652140914385548,-0.151939950673401,-0.14751433270195274,0.0,1.0
NonDPGaussian1,0.7268965517241379,1e-05,400,1.9396769944262002,0.2593683349063381,1.5252179119548386,1.62018235860494,2.2723881606476057,2.414955726813163,0.30786728919394873,0.012444379088612767,0.2845273363970429,0.29053030121959167,0.3226078326488593,0.32629207073112415,0.4424907646349023,0.018458232693126134,0.4079307605556184,0.41678636566518046,0.46439061450490354,0.4698904268713144,0.4925059029347026,1.111613410924048e-16,0.4925059029347027,0.4925059029347027,0.4925059029347027,0.4925059029347027,-0.184638613740754,0.012444379088612768,-0.2079785665376598,-0.20197560171511103,-0.1698980702858434,-0.16621383220357852,0.0,1.0
NonDPGaussian1,0.7610344827586207,1e-05,400,1.8849485098685164,0.256279000228315,1.457197520015849,1.560142002949381,2.2362863390931738,2.3067848351967988,0.30729905946005814,0.013344570565276399,0.2845675881157753,0.2893515263686739,0.32357280915627956,0.32757002772430255,0.4416527710833883,0.019795361297831503,0.4079900872137795,0.41504617097350677,0.4658304568072121,0.4717997818341564,0.5135899643235069,0.0,0.5135899643235069,0.5135899643235069,0.5135899643235069,0.5135899643235069,-0.20629090486344873,0.0133445705652764,-0.22902237620773155,-0.224238437954833,-0.19001715516722723,-0.18601993659920438,0.0,1.0
NonDPGaussian1,0.7951724137931035,1e-05,400,1.8009925892832848,0.2474593378651926,1.4187287867081404,1.4972802183186047,2.1285357714330457,2.1937169503517,0.3087869183651531,0.013347810548181314,0.28435189714441744,0.29186964098510954,0.3247243038235368,0.3279589544041819,0.443861859698407,0.01980140045016252,0.4076721909113382,0.41876436112486465,0.4675492236490435,0.4723810324843392,0.5344142732252448,1.111613410924048e-16,0.5344142732252447,0.5344142732252447,0.5344142732252447,0.5344142732252447,-0.22562735486009153,0.013347810548181318,-0.25006237608082726,-0.24254463224013506,-0.20968996940170778,-0.20645531882106283,0.0,1.0
NonDPGaussian1,0.8293103448275863,1e-05,400,1.7447416738619512,0.22264532376452018,1.3782597314892076,1.4603661843401705,2.0410326345481113,2.1368629924708364,0.3106641656136907,0.012513301294156093,0.28996368334902933,0.29480473100892873,0.3267239501604775,0.3297471685229881,0.4466458352458471,0.018588742994411458,0.41594980424705896,0.4231018423583098,0.4705355900671306,0.4750545270655204,0.5549716938086207,1.111613410924048e-16,0.5549716938086208,0.5549716938086208,0.5549716938086208,0.5549716938086208,-0.24430752819493,0.012513301294156098,-0.2650080104595914,-0.2601669627996919,-0.22824774364814318,-0.2252245252856327,0.0,1.0
NonDPGaussian1,0.863448275862069,1e-05,400,1.674380204363607,0.22983258169945625,1.3011595639493314,1.365917856073225,1.9808265105040934,2.0520336862688295,0.3123988190614058,0.013359940185485341,0.28875754811038756,0.2938621319168801,0.3294418756335844,0.33323592285700426,0.44922964911573227,0.019854253340222346,0.4141695325775572,0.42170843976216166,0.47459797677021043,0.48027524917110664,0.5752555788562583,2.223226821848096e-16,0.5752555788562581,0.5752555788562581,0.5752555788562581,0.5752555788562581,-0.26285675979485223,0.013359940185485341,-0.28649803074587055,-0.281393446939378,-0.24581370322267368,-0.24201965599925385,0.0,1.0
NonDPGaussian1,0.8975862068965518,1e-05,400,1.5953431176190715,0.21982843368995403,1.271551964653224,1.3290113888347082,1.8863407522447617,1.9896014027654403,0.31501749415592123,0.013500090235813458,0.2930820688955453,0.2973416302907496,0.3307501996160096,0.3341949168200182,0.45312573598622663,0.02006140368824138,0.4205556123505598,0.42685404111486464,0.4765548519237853,0.4817114511140396,0.5952597712387561,0.0,0.5952597712387561,0.5952597712387561,0.5952597712387561,0.5952597712387561,-0.2802422770828348,0.01350009023581346,-0.30217770234321073,-0.2979181409480064,-0.2645095716227464,-0.2610648544187379,0.0,1.0
NonDPGaussian1,0.9317241379310346,1e-05,400,1.546144931503868,0.2092004350671873,1.2409075182173939,1.2944517552098354,1.810724117332746,1.9248085140625353,0.31585385449832826,0.01321755237266047,0.2933235212594824,0.29866684812281674,0.33238115348629227,0.3350168812651804,0.45436876401193166,0.0196469244444698,0.4209124215554455,0.4288152797827767,0.4789955458867046,0.48294282452113013,0.6149786037506653,1.111613410924048e-16,0.6149786037506652,0.6149786037506652,0.6149786037506652,0.6149786037506652,-0.2991247492523368,0.01321755237266047,-0.3216550824911827,-0.31631175562784836,-0.28259745026437283,-0.2799617224854847,0.0,1.0
NonDPGaussian1,0.9658620689655172,1e-05,400,1.5067957013707496,0.2081314609473168,1.2019658077376942,1.2487623579088376,1.766212623138954,1.8370015814801552,0.3166948902167864,0.01360711255983006,0.29221567809273674,0.29898154881434164,0.33146676407486353,0.336753479643723,0.4556233740744784,0.020225162015672045,0.41927552902375453,0.4292811361742325,0.47762700496722627,0.4855455820876182,0.6344068973706065,0.0,0.6344068973706065,0.6344068973706065,0.6344068973706065,0.6344068973706065,-0.31771200715382014,0.01360711255983006,-0.34219121927786966,-0.33542534855626477,-0.30294013329574293,-0.2976534177268835,0.0,1.0
NonDPGaussian1,1.0,1e-05,400,1.4285726277677968,0.190513579923427,1.0980857253306258,1.179711088258434,1.6676496817515891,1.7401154635995102,0.32029090716945374,0.0121236827460832,0.2995653472730398,0.3050761230883722,0.3343753514446808,0.3379632781864883,0.46097210491527824,0.018058064901628014,0.43014546451035734,0.43831214923406453,0.48198172779287557,0.4873597408857653,0.6535399580145179,0.0,0.6535399580145179,0.6535399580145179,0.6535399580145179,0.6535399580145179,-0.3332490508450641,0.0121236827460832,-0.35397461074147807,-0.3484638349261457,-0.31916460656983714,-0.3155766798280295,0.0,1.0
NonDPLaplace1,0.01,0.0,400,170.95841759994084,30.45594090562898,124.88264227181125,133.55006327297204,210.71978612324907,220.4623933210227,0.23108633483155092,0.011864310871785865,0.210711069002796,0.21678424567315543,0.24577051916618575,0.2493095371310615,0.3297855654051507,0.017229504640675106,0.3002253840667046,0.3090149570926845,0.3511358829139171,0.35629900178864427,0.007071008886889401,8.684479772844124e-19,0.0070710088868894,0.0070710088868894,0.0070710088868894,0.0070710088868894,0.22401532594466145,0.011864310871785862,0.2036400601159065,0.20971323678626602,0.23869951027929626,0.242238528244172,1.0,0.0
NonDPLaplace1,0.0441379310344827,0.0,400,38.56271963365515,6.745472893902729,27.977836440421566,30.308200129943554,46.91360612065906,49.382885885699224,0.231078829437784,0.01165478273492692,0.21178357397378617,0.21548318870911773,0.24439985524035737,0.24949882505105725,0.329773897669684,0.01692938445016388,0.3017767504353124,0.30713098130997407,0.3491374523078071,0.35657528765831775,0.031205164459993204,3.47379190913765e-18,0.0312051644599932,0.0312051644599932,0.0312051644599932,0.0312051644599932,0.19987366497779072,0.011654782734926917,0.18057840951379286,0.18427802424912443,0.21319469078036407,0.21829366059106398,1.0,0.0
NonDPLaplace1,0.0782758620689655,0.0,400,21.622908416292812,3.9569292890187975,16.028136030541727,16.768464227816224,27.063700797934686,28.409483987441497,0.2317194767508658,0.012608318930189131,0.20777018078665935,0.21519642195288977,0.24648986275670737,0.2497455215968894,0.3307086179550575,0.018304742034186715,0.29597325603710795,0.3067158057925489,0.3521849649267586,0.35693538776154243,0.0553211491897113,0.0,0.0553211491897113,0.0553211491897113,0.0553211491897113,0.0553211491897113,0.17639832756115442,0.012608318930189131,0.15244903159694803,0.15987527276317837,0.19116871356699597,0.1944243724071781,1.0,0.0
NonDPLaplace1,0.1124137931034482,0.0,400,15.008935536903397,2.595253673805854,11.185506923441794,11.869184791041178,18.217388444089742,19.178319603371445,0.23185181669979996,0.011756515797115097,0.21172682233556378,0.21675381307203442,0.24583532543459274,0.2499292014196578,0.3308975433342141,0.017074564840271374,0.3016946507415424,0.3089708833496396,0.35123038802592993,0.35720351903895714,0.07940495389547468,1.38951676365506e-17,0.0794049538954747,0.0794049538954747,0.0794049538954747,0.0794049538954747,0.1524468628043253,0.011756515797115093,0.13232186844008906,0.13734885917655973,0.16643037153911797,0.1705242475241831,1.0,0.0
NonDPLaplace1,0.146551724137931,0.0,400,11.461654892906354,1.949557242999734,8.49968810497702,8.989909783147782,13.968395871943311,14.829086652503507,0.23313459410974324,0.012089247595833139,0.21240650062543492,0.21757577494695,0.24904013702847502,0.2514004126384279,0.3327636365986419,0.017566749235075365,0.30267797238851996,0.3101613853291866,0.35590580502643493,0.3593516110240254,0.1034426441825935,0.0,0.1034426441825935,0.1034426441825935,0.1034426441825935,0.1034426441825935,0.1296919499271497,0.01208924759583314,0.10896385644284133,0.1141331307643564,0.14559749284588142,0.14795776845583425,1.0,0.0
NonDPLaplace1,0.1806896551724138,0.0,400,9.392113728644201,1.6161485366381814,6.834783433808865,7.469720587868899,11.519763810913059,12.249122970426122,0.23201378349169732,0.011537061505263402,0.2119963743615463,0.21720503175983882,0.24651585309415858,0.24902031952349107,0.3311320874453699,0.016757059486966156,0.30208460665417913,0.30962438710887163,0.35222287240585914,0.3558768830092438,0.1274203925644144,0.0,0.1274203925644144,0.1274203925644144,0.1274203925644144,0.1274203925644144,0.10459339092728293,0.0115370615052634,0.08457598179713192,0.08978463919542441,0.11909546052974417,0.12159992695907668,1.0,0.0
NonDPLaplace1,0.2148275862068965,0.0,400,7.955847990351332,1.4593475749267004,5.701149243349385,6.091123737636379,9.862769996296352,10.379922989675723,0.2325344618759117,0.01248207020195749,0.21155655815342422,0.21642529363824356,0.24813535837125072,0.2527830767610384,0.3318929413560484,0.01813863636182896,0.3014483445449561,0.30849512746150876,0.3545854588417243,0.3613711654103194,0.15132451005903616,2.77903352731012e-17,0.1513245100590362,0.1513245100590362,0.1513245100590362,0.1513245100590362,0.08120995181687542,0.012482070201957492,0.060232048094388015,0.06510078357920727,0.09681084831221443,0.10145856670200212,1.0,0.0
NonDPLaplace1,0.2489655172413793,0.0,400,6.809901737789444,1.152746089423567,4.86642237145382,5.3965489122554375,8.241844252029463,8.86236473858497,0.2341126964860828,0.011674192649089072,0.21473710290616366,0.21879430995187168,0.24768319190750906,0.2510439827025702,0.33418409482069406,0.016967169907171047,0.3060508665509906,0.3119266732005349,0.3539257256247032,0.3588311181093037,0.17514147710834344,2.77903352731012e-17,0.1751414771083434,0.1751414771083434,0.1751414771083434,0.1751414771083434,0.058971219377739324,0.011674192649089076,0.03959562579782027,0.04365283284352821,0.07254171479916556,0.07590250559422686,1.0,0.0
NonDPLaplace1,0.2831034482758621,0.0,400,6.000566849615068,1.0916977371861518,4.3476165083542,4.605182026153992,7.434969418955482,7.895537689722568,0.23444320771959914,0.012798063664409389,0.21138373055986465,0.21727336642987316,0.24977222214080677,0.25393865448466796,0.33466939614986835,0.018596760428210315,0.3011983419890153,0.30972337008845446,0.3569743637248018,0.3630595914969771,0.19885797367278316,5.55806705462024e-17,0.1988579736727832,0.1988579736727832,0.1988579736727832,0.1988579736727832,0.035585234046815885,0.012798063664409385,0.012525756887081437,0.018415392757089873,0.05091424846802356,0.0550806808118847,0.9875,0.0125
NonDPLaplace1,0.3172413793103448,0.0,400,5.315012590180211,0.970066090505567,3.8311186777159976,4.136738512675117,6.542544627552259,6.914616770881646,0.23556358977773914,0.012061078781810241,0.21560363526941695,0.2215148738397735,0.24947978531168122,0.25394603702339114,0.3362959109885228,0.017535433583819704,0.30730537092504434,0.3158696868649088,0.356547498597778,0.3630703794997562,0.22246090836216595,5.55806705462024e-17,0.222460908362166,0.222460908362166,0.222460908362166,0.222460908362166,0.013102681415573136,0.01206107878181022,-0.006857273092748958,-0.0009460345223924097,0.027018876949515137,0.031485128661225055,0.885,0.115
NonDPLaplace1,0.3513793103448276,0.0,400,4.825605925321217,0.8196189736562162,3.588345984042008,3.852113099214408,5.889358663330039,6.261546035537613,0.2363158365788093,0.011947253849404326,0.21588980149178444,0.22067436547148378,0.2512289724323446,0.2543327506268961,0.33738979211125897,0.017371473250230467,0.30771971221601,0.3146512502556762,0.35910125161201917,0.3636355250069338,0.24593744647069563,8.33710058193036e-17,0.2459374464706957,0.2459374464706957,0.2459374464706957,0.2459374464706957,-0.009621609891886325,0.011947253849404295,-0.030047644978911155,-0.025263080999211828,0.005291525961648871,0.008395304156200368,0.2125,0.7875
NonDPLaplace1,0.3855172413793103,0.0,400,4.364652513766914,0.7702163478212875,3.1330065739435486,3.3913633737374758,5.3435033621073265,5.607245071340597,0.23738118979885858,0.011938002484297312,0.21788322513381744,0.22178373903688736,0.25184088227558304,0.2559053987838815,0.3389401021976491,0.017368013810712048,0.3106067624620129,0.3162594949830688,0.35999489310729516,0.3659343986018,0.26927503679336445,5.55806705462024e-17,0.2692750367933645,0.2692750367933645,0.2692750367933645,0.2692750367933645,-0.031893846994505856,0.011938002484297307,-0.05139181165954697,-0.04749129775647704,-0.0174341545177814,-0.013369638009482878,0.0025,0.9975
NonDPLaplace1,0.4196551724137931,0.0,400,3.9827925248272713,0.7136138589842415,2.8495252554566135,3.063650655049399,4.877099226585726,5.174335042879265,0.23775085794699813,0.012126735387519866,0.21774779287504867,0.22190798541452858,0.25216715442322896,0.2554524197107117,0.3394788628177987,0.017641173858392506,0.310410561989743,0.31643963886294363,0.3604714435026025,0.3652721417383546,0.29246143711065625,5.55806705462024e-17,0.2924614371106562,0.2924614371106562,0.2924614371106562,0.2924614371106562,-0.054710579163658055,0.012126735387519866,-0.07471364423560753,-0.07055345169612752,-0.04029428268742724,-0.0370090173999445,0.0,1.0
NonDPLaplace1,0.4537931034482759,0.0,400,3.7469877197440553,0.710952503817238,2.65298430663619,2.878289045547547,4.6569010039204874,4.999733069406119,0.23848046417212135,0.01275428928338166,0.21572664445323256,0.222646012901037,0.25313175389960524,0.256259631182703,0.3405433605553595,0.018543998628988555,0.30748347185673824,0.3175098042718772,0.3618805666448198,0.3664523418445321,0.31548473823906564,5.55806705462024e-17,0.3154847382390657,0.3154847382390657,0.3154847382390657,0.3154847382390657,-0.07700427406694432,0.012754289283381659,-0.09975809378583315,-0.0928387253380287,-0.06235298433946048,-0.059225107056362684,0.0,1.0
NonDPLaplace1,0.4879310344827586,0.0,400,3.463711468144829,0.6276560280016514,2.446534512268206,2.7166646833035735,4.252602148795415,4.592932060504511,0.240094487465838,0.012176617198247627,0.21862003227254018,0.2246477522917005,0.2545258029481077,0.25827453042334797,0.3428911047803276,0.01772212501204066,0.31167416798244746,0.32041331073203405,0.36391767519937884,0.36939936527115563,0.3383333865561528,0.0,0.3383333865561528,0.3383333865561528,0.3383333865561528,0.3383333865561528,-0.09823889909031479,0.012176617198247626,-0.1197133542836126,-0.1136856342644522,-0.0838075836080451,-0.0800588561328048,0.0,1.0
NonDPLaplace1,0.5220689655172415,0.0,400,3.2157397896403204,0.5580185304124132,2.3335878943463575,2.5690818244760245,4.012861340885187,4.192126175032228,0.24176291821394627,0.011675986358502796,0.2194939818873551,0.22483933806584835,0.2553188720032214,0.2594617402354367,0.3453191171596237,0.01699512006904993,0.3129405018282526,0.32069127039302187,0.365076910115398,0.3711365399986036,0.36099620492055096,5.55806705462024e-17,0.3609962049205509,0.3609962049205509,0.3609962049205509,0.3609962049205509,-0.11923328670660455,0.011675986358502793,-0.1415022230331958,-0.13615686685470252,-0.10567733291732943,-0.10153446468511415,0.0,1.0
NonDPLaplace1,0.5562068965517242,0.0,400,3.0377691662741824,0.49857310914553044,2.2659511387388522,2.399940918930279,3.690448217656695,3.8659977016678324,0.24304962986671838,0.011308600512669272,0.22322463151256647,0.2280781632484256,0.2564935022589295,0.2595988415271781,0.3471925989515522,0.01647057364364997,0.3183489482382744,0.32539220768162164,0.3667943240422578,0.3713371879832348,0.38346241191943486,5.55806705462024e-17,0.3834624119194348,0.3834624119194348,0.3834624119194348,0.3834624119194348,-0.14041278205271635,0.01130860051266927,-0.16023778040686826,-0.15538424867100908,-0.12696890966050534,-0.12386357039225658,0.0,1.0
NonDPLaplace1,0.5903448275862069,0.0,400,2.8937934762104764,0.5261225042559623,2.0939992510490937,2.244579169006428,3.5601686625908116,3.8205313515006485,0.24315528279108964,0.01272053022052663,0.2199452638785995,0.22731811775353916,0.2581792157518567,0.2609927161637263,0.3473525119274426,0.018517970647909183,0.31359449780958254,0.32428872966510824,0.3692599208020137,0.3733775462740764,0.4057216393882746,0.0,0.4057216393882746,0.4057216393882746,0.4057216393882746,0.4057216393882746,-0.1625663565971849,0.012720530220526627,-0.18577637550967502,-0.17840352163473544,-0.1475424236364179,-0.14472892322454828,0.0,1.0
NonDPLaplace1,0.6244827586206897,0.0,400,2.724376735676702,0.4647481049555953,1.98948728799076,2.1223003765899078,3.3463915971976803,3.4681246544685056,0.24581759329848438,0.011761363367936187,0.22557261228331246,0.23105741640284902,0.2605795360012135,0.2640982154385753,0.35122987082510915,0.01714342917182253,0.32175526094050066,0.3297195317689325,0.3727726513733965,0.3779261550614122,0.4277639481601107,1.111613410924048e-16,0.4277639481601106,0.4277639481601106,0.4277639481601106,0.4277639481601106,-0.18194635486162614,0.011761363367936184,-0.20219133587679805,-0.19670653175726147,-0.16718441215889704,-0.16366573272153526,0.0,1.0
NonDPLaplace1,0.6586206896551725,0.0,400,2.5516643528364313,0.43820574790259115,1.8841155130391796,2.018802339459087,3.115711666721427,3.2970860366500245,0.24716054370517804,0.011327472000968163,0.22821570705474833,0.23214820777109968,0.2612606105835887,0.2647848083070124,0.3531868635188769,0.016514339630994555,0.32559191613556215,0.33130465660706054,0.37376977813252327,0.3789323244519389,0.4495798420139917,1.111613410924048e-16,0.4495798420139916,0.4495798420139916,0.4495798420139916,0.4495798420139916,-0.2024192983088135,0.01132747200096816,-0.22136413495924326,-0.2174316342428919,-0.1883192314304029,-0.18479503370697917,0.0,1.0
NonDPLaplace1,0.6927586206896552,0.0,400,2.458027093528329,0.4131871705468514,1.8311577251587885,1.9298313357789016,2.971474632786127,3.1532310412020395,0.2480993658499346,0.012086742941508216,0.22784904190333477,0.23268318253489473,0.26267853269985353,0.2661474748756969,0.3545599043729189,0.017623723028057963,0.3250595316740143,0.33208222628413164,0.37584627610577154,0.3809298098548986,0.4711602798044599,1.111613410924048e-16,0.47116027980446,0.47116027980446,0.47116027980446,0.47116027980446,-0.22306091395452532,0.012086742941508214,-0.24331123790112513,-0.2384770972695652,-0.20848174710460646,-0.20501280492876295,0.0,1.0
NonDPLaplace1,0.7268965517241379,0.0,400,2.3495172305971415,0.4039198192303338,1.7227581787200472,1.8429718660050645,2.8562263090559874,3.079302902569936,0.2493353757963201,0.012614783897635764,0.2259370336908869,0.2325375669388557,0.265127903476254,0.2682842596164063,0.35636638824274464,0.018406451444020075,0.32228410275952063,0.3318705685589649,0.37943518512601465,0.3840635634882836,0.49249668576593664,5.55806705462024e-17,0.4924966857659367,0.4924966857659367,0.4924966857659367,0.4924966857659367,-0.2431613099696166,0.012614783897635765,-0.2665596520750498,-0.259959118827081,-0.2273687822896827,-0.2242124261495303,0.0,1.0
NonDPLaplace1,0.7610344827586207,0.0,400,2.232441779145803,0.3813432369933089,1.614274081104119,1.77120657791553,2.703786286675955,2.8867298452487296,0.2513878353566376,0.012239737630059592,0.22974795515127575,0.23637256338574894,0.2659312047769412,0.2689982132648534,0.3593613481808994,0.017863625819477192,0.3278171815338103,0.33744735230992573,0.38061273759089037,0.38511104239062294,0.5135809579974631,1.111613410924048e-16,0.5135809579974632,0.5135809579974632,0.5135809579974632,0.5135809579974632,-0.2621931226408255,0.012239737630059592,-0.28383300284618734,-0.27720839461171415,-0.24764975322052185,-0.2445827447326097,0.0,1.0
NonDPLaplace1,0.7951724137931035,0.0,400,2.1399785965181115,0.3780576899577834,1.5709341918939124,1.6494020517210874,2.6151697168041026,2.8041548567004453,0.2531865796902328,0.012833565694065524,0.23315021115274134,0.23701237321474103,0.26896455416683124,0.27239703473009974,0.3619917449857596,0.01873555079169213,0.3327611194659522,0.3383782564593346,0.38506165525157376,0.39010051174417687,0.5344054751443724,1.111613410924048e-16,0.5344054751443725,0.5344054751443725,0.5344054751443725,0.5344054751443725,-0.2812188954541397,0.012833565694065522,-0.3012552639916312,-0.2973931019296314,-0.26544092097754124,-0.2620084404142727,0.0,1.0
NonDPLaplace1,0.8293103448275863,0.0,400,2.053715512851734,0.35750327747732624,1.5389474719951177,1.6090216406109774,2.5068498959181955,2.6669808819698635,0.25468626668433425,0.01210698474471527,0.23354504695150102,0.23774906772486012,0.2687988196349297,0.2722981043206693,0.3641800457417719,0.017681209500809678,0.33333512965496703,0.3394503039212206,0.3848184815602057,0.3899552173767652,0.5549631013040102,1.111613410924048e-16,0.55496310130401,0.55496310130401,0.55496310130401,0.55496310130401,-0.30027683461967575,0.012106984744715265,-0.321418054352509,-0.3172140335791499,-0.2861642816690803,-0.28266499698334074,0.0,1.0
NonDPLaplace1,0.863448275862069,0.0,400,1.9791717581796895,0.35068614151223093,1.426248463110845,1.5694106227482167,2.4311871409253643,2.5591550053671264,0.25626769706798397,0.013278023641694173,0.23297748766033186,0.23971914311387466,0.2720951743562768,0.2751447127766741,0.36649781012402277,0.019397331995776573,0.33251004665838535,0.3423181376517727,0.3896571880038059,0.3941376079578846,0.5752471891925264,1.111613410924048e-16,0.5752471891925263,0.5752471891925263,0.5752471891925263,0.5752471891925263,-0.31897949212454224,0.01327802364169417,-0.3422697015321943,-0.33552804607865155,-0.30315201483624943,-0.3001024764158521,0.0,1.0
NonDPLaplace1,0.8975862068965518,0.0,400,1.9511198739251665,0.3410699900893719,1.443665334641459,1.5269890102150996,2.380766762181846,2.5213861389707453,0.2569785626721316,0.012604961555196574,0.23527328738087255,0.24007320777638122,0.2720521689062461,0.2761648876625882,0.36753427235514635,0.0184249172780851,0.33584827971442904,0.3428336971652982,0.3895940312052698,0.3956373318571451,0.5952515816189486,0.0,0.5952515816189486,0.5952515816189486,0.5952515816189486,0.5952515816189486,-0.33827301894681694,0.012604961555196567,-0.35997829423807604,-0.3551783738425673,-0.32319941271270247,-0.3190866939563604,0.0,1.0
NonDPLaplace1,0.9317241379310346,0.0,400,1.8240207263265784,0.3117361479474919,1.3520019897556887,1.4272670397331726,2.2234232756587575,2.3458236317865313,0.26091511266559186,0.012862650666274044,0.23900138829112955,0.24498686341780998,0.2762947290532519,0.2798070855341299,0.37329630467860125,0.018819432118494444,0.3412731421316066,0.34999323422510226,0.39582823996634214,0.4009951987607798,0.6149706113211547,1.111613410924048e-16,0.6149706113211546,0.6149706113211546,0.6149706113211546,0.6149706113211546,-0.3540554986555627,0.012862650666274037,-0.37596922303002495,-0.36998374790334454,-0.3386758822679027,-0.3351635257870247,0.0,1.0
NonDPLaplace1,0.9658620689655172,0.0,400,1.7906343079797333,0.31120142229273823,1.3371499037372634,1.3980216805623904,2.176149338569158,2.357378255593629,0.2611368065428908,0.012759393039227164,0.2397404052279943,0.24452532126789694,0.2763677711346296,0.2786959667575752,0.37362023596893523,0.01866079979062982,0.34234909689749116,0.3493203525598542,0.3959356367442874,0.3993600856695773,0.634399099225975,1.111613410924048e-16,0.6343990992259749,0.6343990992259749,0.6343990992259749,0.6343990992259749,-0.3732622926830841,0.012759393039227157,-0.3946586939979806,-0.3898737779580779,-0.3580313280913453,-0.3557031324683997,0.0,1.0
NonDPLaplace1,1.0,0.0,400,1.7156572623368702,0.31093677776309614,1.2530861160857705,1.3314223981514393,2.1106552720063765,2.2580213904279436,0.26409555996749723,0.013359972682060366,0.24097759640402722,0.2466862371970037,0.27928091504701186,0.28249943348541734,0.3779575715640125,0.019558304579315827,0.34415079782755126,0.35247138835829556,0.4002208254772166,0.4049594361769645,0.6535323512024062,1.111613410924048e-16,0.6535323512024063,0.6535323512024063,0.6535323512024063,0.6535323512024063,-0.38943679123490893,0.013359972682060363,-0.41255475479837894,-0.4068461140054025,-0.37425143615539436,-0.3710329177169889,0.0,1.0
